cell_id,cell_x,cell_y,PUD_total,n_images,n_unique_users,lat_mean,lon_mean,year_min,year_max,PUD_annual_mean,PUD_per_user_year
278000_9680000,278000.0,9680000.0,1,2,1,-2.886464,37.011569,2017,2017,0.047619047619047616,0.047619047619047616
279000_9655000,279000.0,9655000.0,1,1,1,-3.112253,37.01265,2017,2017,0.047619047619047616,0.047619047619047616
279000_9665000,279000.0,9665000.0,1,1,1,-3.026878,37.020319,2018,2018,0.047619047619047616,0.047619047619047616
279000_9679000,279000.0,9679000.0,1,1,1,-2.896275,37.017433,2017,2017,0.047619047619047616,0.047619047619047616
280000_9626000,280000.0,9626000.0,3,3,3,-3.377955,37.027873666666665,2017,2023,0.14285714285714285,0.047619047619047616
280000_9651000,280000.0,9651000.0,1,2,1,-3.152675,37.027094,2011,2011,0.047619047619047616,0.047619047619047616
280000_9654000,280000.0,9654000.0,1,1,1,-3.122156,37.025652,2024,2024,0.047619047619047616,0.047619047619047616
281000_9626000,281000.0,9626000.0,1,2,1,-3.378006,37.033520499999995,2017,2017,0.047619047619047616,0.047619047619047616
283000_9664000,283000.0,9664000.0,1,1,1,-3.032931,37.056355,2018,2018,0.047619047619047616,0.047619047619047616
283000_9682000,283000.0,9682000.0,1,1,1,-2.869759,37.050269,2016,2016,0.047619047619047616,0.047619047619047616
284000_9623000,284000.0,9623000.0,1,1,1,-3.399881,37.064747,2023,2023,0.047619047619047616,0.047619047619047616
284000_9624000,284000.0,9624000.0,1,1,1,-3.392495,37.064505,2018,2018,0.047619047619047616,0.047619047619047616
284000_9625000,284000.0,9625000.0,1,4,1,-3.3835842499999997,37.06439725,2017,2017,0.047619047619047616,0.047619047619047616
284000_9630000,284000.0,9630000.0,2,6,1,-3.3415335,37.05648933333333,2019,2019,0.09523809523809523,0.09523809523809523
284000_9664000,284000.0,9664000.0,1,1,1,-3.032473,37.056983,2018,2018,0.047619047619047616,0.047619047619047616
284000_9665000,284000.0,9665000.0,1,2,1,-3.025556,37.060555,2017,2017,0.047619047619047616,0.047619047619047616
284000_9668000,284000.0,9668000.0,1,2,1,-3.001181,37.0642415,2018,2018,0.047619047619047616,0.047619047619047616
284000_9680000,284000.0,9680000.0,1,1,1,-2.892498,37.060416,2015,2015,0.047619047619047616,0.047619047619047616
285000_9621000,285000.0,9621000.0,1,2,1,-3.4200115,37.068626,2015,2015,0.047619047619047616,0.047619047619047616
285000_9622000,285000.0,9622000.0,1,1,1,-3.411581,37.065225,2023,2023,0.047619047619047616,0.047619047619047616
285000_9627000,285000.0,9627000.0,1,3,1,-3.3679756666666667,37.068244666666665,2019,2019,0.047619047619047616,0.047619047619047616
285000_9668000,285000.0,9668000.0,1,8,1,-2.999461125,37.06655375,2018,2018,0.047619047619047616,0.047619047619047616
286000_9627000,286000.0,9627000.0,1,1,1,-3.364684,37.076169,2024,2024,0.047619047619047616,0.047619047619047616
286000_9635000,286000.0,9635000.0,1,1,1,-3.29285,37.07843,2019,2019,0.047619047619047616,0.047619047619047616
287000_9628000,287000.0,9628000.0,2,2,2,-3.360528,37.085725999999994,2010,2017,0.09523809523809523,0.047619047619047616
287000_9669000,287000.0,9669000.0,3,7,2,-2.9863180000000003,37.084360571428576,2017,2018,0.14285714285714285,0.07142857142857142
288000_9628000,288000.0,9628000.0,1,2,1,-3.3563435,37.095469,2024,2024,0.047619047619047616,0.047619047619047616
288000_9642000,288000.0,9642000.0,1,1,1,-3.235687,37.098122,2016,2016,0.047619047619047616,0.047619047619047616
289000_9629000,289000.0,9629000.0,1,1,1,-3.352606,37.104263,2017,2017,0.047619047619047616,0.047619047619047616
289000_9645000,289000.0,9645000.0,1,1,1,-3.201953,37.10298,2017,2017,0.047619047619047616,0.047619047619047616
297000_9668000,297000.0,9668000.0,1,6,1,-2.9967899999999994,37.17506,2011,2011,0.047619047619047616,0.047619047619047616
298000_9632000,298000.0,9632000.0,1,2,1,-3.319462,37.183447,2024,2024,0.047619047619047616,0.047619047619047616
298000_9668000,298000.0,9668000.0,3,3,3,-2.9996906666666665,37.19010933333333,2011,2015,0.14285714285714285,0.047619047619047616
299000_9668000,299000.0,9668000.0,2,3,2,-3.0008076666666668,37.195503,2011,2015,0.09523809523809523,0.047619047619047616
300000_9634000,300000.0,9634000.0,1,1,1,-3.305903,37.206386,2017,2017,0.047619047619047616,0.047619047619047616
300000_9666000,300000.0,9666000.0,1,1,1,-3.011955,37.205371,2009,2009,0.047619047619047616,0.047619047619047616
300000_9667000,300000.0,9667000.0,1,1,1,-3.002355,37.20594,2015,2015,0.047619047619047616,0.047619047619047616
300000_9668000,300000.0,9668000.0,3,24,3,-2.9980737916666667,37.20193654166667,2011,2017,0.14285714285714285,0.047619047619047616
301000_9648000,301000.0,9648000.0,1,1,1,-3.182337,37.216358,2011,2011,0.047619047619047616,0.047619047619047616
301000_9655000,301000.0,9655000.0,1,1,1,-3.11969,37.216873,2009,2009,0.047619047619047616,0.047619047619047616
301000_9668000,301000.0,9668000.0,1,3,1,-3.001837,37.217519,2011,2011,0.047619047619047616,0.047619047619047616
302000_9632000,302000.0,9632000.0,1,1,1,-3.323895,37.22073,2017,2017,0.047619047619047616,0.047619047619047616
302000_9644000,302000.0,9644000.0,1,1,1,-3.212225,37.224716,2010,2010,0.047619047619047616,0.047619047619047616
302000_9667000,302000.0,9667000.0,3,5,3,-3.0075928,37.223150200000006,2012,2015,0.14285714285714285,0.047619047619047616
303000_9632000,303000.0,9632000.0,1,1,1,-3.319934,37.234158,2019,2019,0.047619047619047616,0.047619047619047616
303000_9642000,303000.0,9642000.0,1,1,1,-3.233856,37.229769,2020,2020,0.047619047619047616,0.047619047619047616
303000_9666000,303000.0,9666000.0,19,97,13,-3.0131601958762886,37.22942479381444,2008,2019,0.9047619047619048,0.0695970695970696
303000_9667000,303000.0,9667000.0,1,1,1,-3.007959,37.232513,2016,2016,0.047619047619047616,0.047619047619047616
303000_9668000,303000.0,9668000.0,3,4,3,-2.9989415,37.23258075,2010,2024,0.14285714285714285,0.047619047619047616
303000_9669000,303000.0,9669000.0,4,9,4,-2.9870724444444443,37.230532000000004,2010,2024,0.19047619047619047,0.047619047619047616
304000_9661000,304000.0,9661000.0,4,11,4,-3.058062,37.24355590909091,2010,2012,0.19047619047619047,0.047619047619047616
304000_9663000,304000.0,9663000.0,1,3,1,-3.043423,37.244047,2011,2011,0.047619047619047616,0.047619047619047616
304000_9664000,304000.0,9664000.0,1,1,1,-3.033576,37.23773,2008,2008,0.047619047619047616,0.047619047619047616
304000_9665000,304000.0,9665000.0,1,3,1,-3.0214046666666667,37.23872733333334,2015,2015,0.047619047619047616,0.047619047619047616
305000_9632000,305000.0,9632000.0,2,18,2,-3.3227717777777777,37.249427777777775,2012,2024,0.09523809523809523,0.047619047619047616
305000_9664000,305000.0,9664000.0,1,2,1,-3.030276,37.253544,2015,2015,0.047619047619047616,0.047619047619047616
305000_9665000,305000.0,9665000.0,1,3,1,-3.028261666666667,37.25002533333333,2017,2017,0.047619047619047616,0.047619047619047616
306000_9632000,306000.0,9632000.0,1,19,1,-3.3255741578947364,37.26169821052631,2012,2012,0.047619047619047616,0.047619047619047616
306000_9657000,306000.0,9657000.0,1,1,1,-3.099346,37.262893,2010,2010,0.047619047619047616,0.047619047619047616
306000_9664000,306000.0,9664000.0,2,4,2,-3.03156575,37.25675925,2017,2017,0.09523809523809523,0.047619047619047616
306000_9665000,306000.0,9665000.0,1,3,1,-3.026151,37.25878,2015,2015,0.047619047619047616,0.047619047619047616
306000_9666000,306000.0,9666000.0,1,1,1,-3.013498,37.255668,2010,2010,0.047619047619047616,0.047619047619047616
307000_9631000,307000.0,9631000.0,2,3,2,-3.328004,37.26587466666667,2017,2019,0.09523809523809523,0.047619047619047616
307000_9632000,307000.0,9632000.0,4,4,2,-3.3273265,37.265347,2017,2019,0.19047619047619047,0.09523809523809523
307000_9657000,307000.0,9657000.0,23,58,18,-3.095563689655173,37.26616129310345,2010,2023,1.0952380952380953,0.06084656084656085
307000_9658000,307000.0,9658000.0,7,8,7,-3.092296625,37.27004125,2008,2023,0.3333333333333333,0.047619047619047616
307000_9659000,307000.0,9659000.0,1,8,1,-3.081645,37.269594,2012,2012,0.047619047619047616,0.047619047619047616
308000_9631000,308000.0,9631000.0,1,1,1,-3.32847,37.272197,2024,2024,0.047619047619047616,0.047619047619047616
308000_9632000,308000.0,9632000.0,1,1,1,-3.323634,37.278047,2017,2017,0.047619047619047616,0.047619047619047616
308000_9658000,308000.0,9658000.0,10,26,10,-3.087420807692308,37.2755675,2008,2022,0.47619047619047616,0.047619047619047616
308000_9659000,308000.0,9659000.0,3,10,3,-3.0817325,37.2804004,2010,2023,0.14285714285714285,0.047619047619047616
308000_9660000,308000.0,9660000.0,32,99,24,-3.0674564040404038,37.27667006060606,2008,2023,1.5238095238095237,0.06349206349206349
308000_9661000,308000.0,9661000.0,9,20,8,-3.0636695499999997,37.27732425,2007,2023,0.42857142857142855,0.05357142857142857
308000_9662000,308000.0,9662000.0,11,40,8,-3.0543335750000002,37.275357625000005,2010,2017,0.5238095238095238,0.06547619047619048
308000_9663000,308000.0,9663000.0,1,29,1,-3.0432,37.27869,2011,2011,0.047619047619047616,0.047619047619047616
309000_9659000,309000.0,9659000.0,10,21,10,-3.078430238095238,37.283045571428566,2010,2023,0.47619047619047616,0.047619047619047616
309000_9660000,309000.0,9660000.0,11,18,11,-3.069756611111111,37.28454266666667,2010,2023,0.5238095238095238,0.04761904761904762
309000_9662000,309000.0,9662000.0,2,2,2,-3.0527935,37.2885985,2010,2015,0.09523809523809523,0.047619047619047616
310000_9630000,310000.0,9630000.0,3,3,3,-3.337607666666667,37.296293999999996,2012,2017,0.14285714285714285,0.047619047619047616
310000_9660000,310000.0,9660000.0,10,16,10,-3.0678141875,37.293921375,2010,2023,0.47619047619047616,0.047619047619047616
310000_9662000,310000.0,9662000.0,1,3,1,-3.0548376666666663,37.2948,2017,2017,0.047619047619047616,0.047619047619047616
310000_9663000,310000.0,9663000.0,4,5,3,-3.0439096,37.296235,2010,2017,0.19047619047619047,0.06349206349206349
310000_9664000,310000.0,9664000.0,1,9,1,-3.037218,37.297661,2015,2015,0.047619047619047616,0.047619047619047616
311000_9661000,311000.0,9661000.0,13,18,13,-3.0617206111111113,37.30466744444445,2010,2020,0.6190476190476191,0.04761904761904762
311000_9662000,311000.0,9662000.0,4,8,4,-3.0560871250000003,37.30104,2011,2017,0.19047619047619047,0.047619047619047616
311000_9663000,311000.0,9663000.0,5,76,3,-3.042438894736842,37.299430710526316,2010,2022,0.23809523809523808,0.07936507936507936
311000_9664000,311000.0,9664000.0,3,3,3,-3.037134333333333,37.303228,2010,2017,0.14285714285714285,0.047619047619047616
312000_9661000,312000.0,9661000.0,12,27,12,-3.061900074074074,37.31354151851852,2012,2023,0.5714285714285714,0.047619047619047616
312000_9663000,312000.0,9663000.0,1,9,1,-3.042468,37.309516,2015,2015,0.047619047619047616,0.047619047619047616
313000_9627000,313000.0,9627000.0,2,2,2,-3.3691649999999997,37.324377,2016,2017,0.09523809523809523,0.047619047619047616
313000_9634000,313000.0,9634000.0,1,3,1,-3.3080040000000004,37.32302,2024,2024,0.047619047619047616,0.047619047619047616
313000_9656000,313000.0,9656000.0,1,2,1,-3.1103645,37.320543,2018,2018,0.047619047619047616,0.047619047619047616
313000_9657000,313000.0,9657000.0,2,3,2,-3.0967343333333335,37.32518733333333,2015,2018,0.09523809523809523,0.047619047619047616
313000_9658000,313000.0,9658000.0,7,17,7,-3.0851658823529413,37.32563652941176,2010,2023,0.3333333333333333,0.047619047619047616
313000_9659000,313000.0,9659000.0,4,8,4,-3.080662625,37.32542375,2010,2016,0.19047619047619047,0.047619047619047616
313000_9660000,313000.0,9660000.0,6,14,6,-3.0665939285714288,37.324994000000004,2010,2020,0.2857142857142857,0.047619047619047616
313000_9661000,313000.0,9661000.0,13,23,13,-3.0649903913043484,37.320325260869566,2010,2023,0.6190476190476191,0.04761904761904762
313000_9662000,313000.0,9662000.0,2,15,1,-3.052025,37.32194,2015,2015,0.09523809523809523,0.09523809523809523
314000_9629000,314000.0,9629000.0,1,3,1,-3.3536413333333335,37.32595233333333,2019,2019,0.047619047619047616,0.047619047619047616
314000_9633000,314000.0,9633000.0,1,1,1,-3.318631,37.327809,2018,2018,0.047619047619047616,0.047619047619047616
314000_9656000,314000.0,9656000.0,5,96,1,-3.108977,37.33017,2010,2010,0.23809523809523808,0.23809523809523808
314000_9657000,314000.0,9657000.0,61,246,39,-3.095329386178862,37.33014851626016,2008,2023,2.9047619047619047,0.07448107448107448
314000_9658000,314000.0,9658000.0,18,40,18,-3.08985325,37.328414175,2008,2023,0.8571428571428571,0.047619047619047616
314000_9659000,314000.0,9659000.0,2,2,2,-3.0764055,37.327126500000006,2010,2011,0.09523809523809523,0.047619047619047616
314000_9660000,314000.0,9660000.0,24,111,22,-3.0684104594594594,37.32750208108108,2010,2023,1.1428571428571428,0.051948051948051945
314000_9661000,314000.0,9661000.0,1,19,1,-3.061174,37.328817,2015,2015,0.047619047619047616,0.047619047619047616
315000_9626000,315000.0,9626000.0,2,2,2,-3.3781225,37.342794,2010,2011,0.09523809523809523,0.047619047619047616
315000_9627000,315000.0,9627000.0,1,1,1,-3.367475,37.341808,2017,2017,0.047619047619047616,0.047619047619047616
315000_9628000,315000.0,9628000.0,2,4,2,-3.35566075,37.34071025,2006,2015,0.09523809523809523,0.047619047619047616
315000_9629000,315000.0,9629000.0,9,14,6,-3.350298785714286,37.34088978571429,2015,2019,0.42857142857142855,0.07142857142857142
315000_9630000,315000.0,9630000.0,1,1,1,-3.33854,37.342971,2012,2012,0.047619047619047616,0.047619047619047616
315000_9641000,315000.0,9641000.0,1,1,1,-3.241028,37.339205,2018,2018,0.047619047619047616,0.047619047619047616
315000_9643000,315000.0,9643000.0,1,5,1,-3.21953,37.3409,2011,2011,0.047619047619047616,0.047619047619047616
315000_9656000,315000.0,9656000.0,4,8,4,-3.10252325,37.342706625,2010,2023,0.19047619047619047,0.047619047619047616
315000_9657000,315000.0,9657000.0,25,52,23,-3.099149307692308,37.33716961538462,2007,2023,1.1904761904761905,0.051759834368530024
315000_9660000,315000.0,9660000.0,2,2,2,-3.0726875,37.3361785,2010,2014,0.09523809523809523,0.047619047619047616
315000_9661000,315000.0,9661000.0,1,20,1,-3.065117,37.335963,2015,2015,0.047619047619047616,0.047619047619047616
315000_9664000,315000.0,9664000.0,6,56,1,-3.030834,37.34250000000001,2011,2011,0.2857142857142857,0.2857142857142857
316000_9629000,316000.0,9629000.0,2,9,2,-3.348394111111111,37.34527822222222,2010,2016,0.09523809523809523,0.047619047619047616
316000_9630000,316000.0,9630000.0,1,1,1,-3.343328,37.343911,2024,2024,0.047619047619047616,0.047619047619047616
316000_9633000,316000.0,9633000.0,1,1,1,-3.318331,37.35094,2010,2010,0.047619047619047616,0.047619047619047616
316000_9655000,316000.0,9655000.0,5,12,4,-3.1121770000000004,37.351505083333336,2012,2023,0.23809523809523808,0.05952380952380952
316000_9656000,316000.0,9656000.0,11,34,11,-3.1067953823529413,37.34793617647058,2008,2023,0.5238095238095238,0.04761904761904762
316000_9659000,316000.0,9659000.0,21,77,11,-3.0757014935064935,37.35296444155844,2006,2019,1.0,0.09090909090909091
316000_9660000,316000.0,9660000.0,28,97,12,-3.069279701030928,37.34975579381443,2006,2017,1.3333333333333333,0.1111111111111111
316000_9661000,316000.0,9661000.0,6,6,3,-3.062296,37.34653383333333,2006,2010,0.2857142857142857,0.09523809523809523
317000_9624000,317000.0,9624000.0,1,1,1,-3.397223,37.359636,2019,2019,0.047619047619047616,0.047619047619047616
317000_9649000,317000.0,9649000.0,1,1,1,-3.166937,37.359997,2018,2018,0.047619047619047616,0.047619047619047616
317000_9650000,317000.0,9650000.0,1,2,1,-3.160187,37.361594,2012,2012,0.047619047619047616,0.047619047619047616
317000_9655000,317000.0,9655000.0,33,119,25,-3.1125152268907565,37.35425748739496,2009,2023,1.5714285714285714,0.06285714285714286
317000_9656000,317000.0,9656000.0,17,51,16,-3.108876607843137,37.358835313725486,2010,2023,0.8095238095238095,0.050595238095238096
317000_9658000,317000.0,9658000.0,3,3,1,-3.0887123333333335,37.361664,2012,2012,0.14285714285714285,0.14285714285714285
317000_9659000,317000.0,9659000.0,60,383,54,-3.0776540052219317,37.35605359007833,2006,2023,2.857142857142857,0.052910052910052914
317000_9660000,317000.0,9660000.0,12,18,12,-3.0683326666666666,37.35645677777778,2005,2022,0.5714285714285714,0.047619047619047616
317000_9661000,317000.0,9661000.0,12,89,8,-3.0652961797752805,37.358581303370784,2007,2023,0.5714285714285714,0.07142857142857142
317000_9666000,317000.0,9666000.0,1,1,1,-3.017353,37.362152,2012,2012,0.047619047619047616,0.047619047619047616
318000_9631000,318000.0,9631000.0,1,1,1,-3.332334,37.362166,2012,2012,0.047619047619047616,0.047619047619047616
318000_9650000,318000.0,9650000.0,2,3,2,-3.1565746666666663,37.366945,2011,2015,0.09523809523809523,0.047619047619047616
318000_9651000,318000.0,9651000.0,1,1,1,-3.153773,37.36923,2010,2010,0.047619047619047616,0.047619047619047616
318000_9653000,318000.0,9653000.0,1,1,1,-3.131935,37.371089,2015,2015,0.047619047619047616,0.047619047619047616
318000_9656000,318000.0,9656000.0,12,33,12,-3.1055224242424244,37.36742736363637,2008,2023,0.5714285714285714,0.047619047619047616
318000_9657000,318000.0,9657000.0,2,2,2,-3.0978605,37.369185,2008,2012,0.09523809523809523,0.047619047619047616
318000_9658000,318000.0,9658000.0,3,70,3,-3.0892812857142857,37.36706761428571,2010,2015,0.14285714285714285,0.047619047619047616
318000_9659000,318000.0,9659000.0,37,84,35,-3.078771583333333,37.36437121428572,2004,2023,1.7619047619047619,0.050340136054421766
318000_9660000,318000.0,9660000.0,8,10,7,-3.0722367999999998,37.3682502,2007,2020,0.38095238095238093,0.05442176870748299
318000_9662000,318000.0,9662000.0,3,12,2,-3.0549200833333336,37.36342475,2007,2012,0.14285714285714285,0.07142857142857142
318000_9666000,318000.0,9666000.0,3,4,3,-3.02016475,37.368517499999996,2012,2022,0.14285714285714285,0.047619047619047616
319000_9631000,319000.0,9631000.0,1,1,1,-3.336159,37.370927,2016,2016,0.047619047619047616,0.047619047619047616
319000_9639000,319000.0,9639000.0,3,4,1,-3.2575235,37.378001749999996,2016,2016,0.14285714285714285,0.14285714285714285
319000_9652000,319000.0,9652000.0,8,12,8,-3.141341583333333,37.371907,2010,2023,0.38095238095238093,0.047619047619047616
319000_9653000,319000.0,9653000.0,10,21,7,-3.132374238095238,37.37191123809524,2009,2023,0.47619047619047616,0.06802721088435373
319000_9654000,319000.0,9654000.0,2,2,2,-3.1260155,37.3726285,2021,2023,0.09523809523809523,0.047619047619047616
319000_9655000,319000.0,9655000.0,3,4,2,-3.11304725,37.3773425,2017,2019,0.14285714285714285,0.07142857142857142
319000_9656000,319000.0,9656000.0,15,25,14,-3.1037404,37.37664396,2007,2023,0.7142857142857143,0.05102040816326531
319000_9657000,319000.0,9657000.0,33,138,27,-3.10019481884058,37.37825520289855,2007,2023,1.5714285714285714,0.0582010582010582
319000_9658000,319000.0,9658000.0,10,22,9,-3.0908030454545457,37.375026181818185,2010,2023,0.47619047619047616,0.05291005291005291
319000_9659000,319000.0,9659000.0,4,7,4,-3.077186142857143,37.37424571428572,2005,2017,0.19047619047619047,0.047619047619047616
319000_9660000,319000.0,9660000.0,1,1,1,-3.066667,37.377222,2017,2017,0.047619047619047616,0.047619047619047616
320000_9654000,320000.0,9654000.0,1,1,1,-3.126758,37.382102,2010,2010,0.047619047619047616,0.047619047619047616
320000_9657000,320000.0,9657000.0,1,2,1,-3.101112,37.383055,2017,2017,0.047619047619047616,0.047619047619047616
320000_9659000,320000.0,9659000.0,9,12,8,-3.0814758333333336,37.38879583333333,2009,2023,0.42857142857142855,0.05357142857142857
320000_9660000,320000.0,9660000.0,1,3,1,-3.07307,37.380591,2017,2017,0.047619047619047616,0.047619047619047616
320000_9663000,320000.0,9663000.0,1,14,1,-3.040861,37.382725,2012,2012,0.047619047619047616,0.047619047619047616
321000_9659000,321000.0,9659000.0,6,12,6,-3.081862166666667,37.389961,2011,2020,0.2857142857142857,0.047619047619047616
322000_9628000,322000.0,9628000.0,1,1,1,-3.358862,37.406386,2017,2017,0.047619047619047616,0.047619047619047616
322000_9636000,322000.0,9636000.0,1,1,1,-3.284334,37.404052,2017,2017,0.047619047619047616,0.047619047619047616
322000_9659000,322000.0,9659000.0,4,7,4,-3.0800614285714287,37.403234857142856,2009,2018,0.19047619047619047,0.047619047619047616
323000_9656000,323000.0,9656000.0,1,1,1,-3.105892,37.414024,2017,2017,0.047619047619047616,0.047619047619047616
323000_9657000,323000.0,9657000.0,2,2,2,-3.0986725,37.408858,2016,2017,0.09523809523809523,0.047619047619047616
323000_9658000,323000.0,9658000.0,2,2,2,-3.0888714999999998,37.410573,2011,2020,0.09523809523809523,0.047619047619047616
323000_9659000,323000.0,9659000.0,1,1,1,-3.079,37.408166,2011,2011,0.047619047619047616,0.047619047619047616
323000_9662000,323000.0,9662000.0,1,1,1,-3.050058,37.408789,2006,2006,0.047619047619047616,0.047619047619047616
323000_9663000,323000.0,9663000.0,4,4,4,-3.0452845,37.41058725,2010,2022,0.19047619047619047,0.047619047619047616
324000_9655000,324000.0,9655000.0,5,11,5,-3.1151755454545453,37.422270272727275,2011,2020,0.23809523809523808,0.047619047619047616
324000_9659000,324000.0,9659000.0,2,2,2,-3.0800785,37.417093,2012,2022,0.09523809523809523,0.047619047619047616
324000_9665000,324000.0,9665000.0,1,1,1,-3.026247,37.423851,2012,2012,0.047619047619047616,0.047619047619047616
324000_9666000,324000.0,9666000.0,6,12,5,-3.0166590833333333,37.41735333333333,2006,2012,0.2857142857142857,0.05714285714285714
325000_9653000,325000.0,9653000.0,5,9,4,-3.133115222222222,37.43279277777778,2016,2019,0.23809523809523808,0.05952380952380952
325000_9654000,325000.0,9654000.0,5,15,4,-3.123058,37.432479333333326,2011,2019,0.23809523809523808,0.05952380952380952
325000_9657000,325000.0,9657000.0,2,2,1,-3.0945655,37.427611999999996,2011,2011,0.09523809523809523,0.09523809523809523
325000_9659000,325000.0,9659000.0,4,8,3,-3.08071075,37.42969925,2009,2012,0.19047619047619047,0.06349206349206349
325000_9668000,325000.0,9668000.0,1,1,1,-2.995987,37.429823,2012,2012,0.047619047619047616,0.047619047619047616
325000_9669000,325000.0,9669000.0,1,2,1,-2.992754,37.4337035,2012,2012,0.047619047619047616,0.047619047619047616
326000_9652000,326000.0,9652000.0,26,88,14,-3.1395132159090906,37.439046147727275,2006,2023,1.2380952380952381,0.08843537414965986
326000_9653000,326000.0,9653000.0,7,14,6,-3.135237214285714,37.43650664285714,2011,2020,0.3333333333333333,0.05555555555555555
326000_9655000,326000.0,9655000.0,1,3,1,-3.113728,37.436441,2011,2011,0.047619047619047616,0.047619047619047616
326000_9656000,326000.0,9656000.0,1,1,1,-3.103495,37.436369,2016,2016,0.047619047619047616,0.047619047619047616
326000_9659000,326000.0,9659000.0,3,4,3,-3.07888525,37.43962275,2011,2020,0.14285714285714285,0.047619047619047616
326000_9663000,326000.0,9663000.0,1,1,1,-3.039674,37.435037,2012,2012,0.047619047619047616,0.047619047619047616
326000_9669000,326000.0,9669000.0,2,3,2,-2.9911883333333336,37.43522933333333,2012,2018,0.09523809523809523,0.047619047619047616
327000_9652000,327000.0,9652000.0,1,1,1,-3.138334,37.446141,2019,2019,0.047619047619047616,0.047619047619047616
327000_9653000,327000.0,9653000.0,2,2,2,-3.134913,37.447295,2009,2019,0.09523809523809523,0.047619047619047616
327000_9657000,327000.0,9657000.0,1,1,1,-3.097642,37.448658,2020,2020,0.047619047619047616,0.047619047619047616
327000_9658000,327000.0,9658000.0,1,1,1,-3.085665,37.45198,2007,2007,0.047619047619047616,0.047619047619047616
327000_9660000,327000.0,9660000.0,4,10,4,-3.0702545999999997,37.4489607,2011,2020,0.19047619047619047,0.047619047619047616
327000_9661000,327000.0,9661000.0,3,3,3,-3.0611990000000002,37.446944,2009,2020,0.14285714285714285,0.047619047619047616
327000_9662000,327000.0,9662000.0,7,20,6,-3.0533439,37.447491,2009,2020,0.3333333333333333,0.05555555555555555
327000_9670000,327000.0,9670000.0,5,9,5,-2.9839813333333334,37.44845955555556,2006,2020,0.23809523809523808,0.047619047619047616
328000_9647000,328000.0,9647000.0,1,1,1,-3.187136,37.452392,2011,2011,0.047619047619047616,0.047619047619047616
328000_9652000,328000.0,9652000.0,1,1,1,-3.140987,37.455177,2018,2018,0.047619047619047616,0.047619047619047616
328000_9658000,328000.0,9658000.0,1,1,1,-3.084414,37.456461,2018,2018,0.047619047619047616,0.047619047619047616
328000_9659000,328000.0,9659000.0,7,24,5,-3.078994125,37.45615625,2009,2020,0.3333333333333333,0.06666666666666667
328000_9670000,328000.0,9670000.0,2,2,2,-2.9785595000000002,37.459327,2006,2018,0.09523809523809523,0.047619047619047616
329000_9652000,329000.0,9652000.0,1,1,1,-3.146095,37.469284,2018,2018,0.047619047619047616,0.047619047619047616
330000_9651000,330000.0,9651000.0,2,2,2,-3.1513515,37.4759655,2011,2012,0.09523809523809523,0.047619047619047616
331000_9651000,331000.0,9651000.0,1,2,1,-3.151742,37.479172,2017,2017,0.047619047619047616,0.047619047619047616
332000_9623000,332000.0,9623000.0,1,1,1,-3.401203,37.489033,2020,2020,0.047619047619047616,0.047619047619047616
332000_9650000,332000.0,9650000.0,1,2,1,-3.16207,37.493397,2017,2017,0.047619047619047616,0.047619047619047616
333000_9623000,333000.0,9623000.0,1,1,1,-3.403906,37.498197,2020,2020,0.047619047619047616,0.047619047619047616
333000_9636000,333000.0,9636000.0,1,1,1,-3.292035,37.504391,2018,2018,0.047619047619047616,0.047619047619047616
333000_9649000,333000.0,9649000.0,1,4,1,-3.1671215,37.4995965,2017,2017,0.047619047619047616,0.047619047619047616
333000_9650000,333000.0,9650000.0,1,1,1,-3.165112,37.497538,2017,2017,0.047619047619047616,0.047619047619047616
334000_9648000,334000.0,9648000.0,2,3,2,-3.176864,37.51000133333333,2016,2017,0.09523809523809523,0.047619047619047616
334000_9663000,334000.0,9663000.0,1,2,1,-3.045706,37.506327,2019,2019,0.047619047619047616,0.047619047619047616
335000_9636000,335000.0,9636000.0,1,1,1,-3.283778,37.522972,2017,2017,0.047619047619047616,0.047619047619047616
335000_9637000,335000.0,9637000.0,2,2,2,-3.280989,37.520889,2009,2011,0.09523809523809523,0.047619047619047616
335000_9641000,335000.0,9641000.0,1,1,1,-3.243184,37.517433,2022,2022,0.047619047619047616,0.047619047619047616
335000_9648000,335000.0,9648000.0,3,7,3,-3.177011428571429,37.51874814285714,2011,2017,0.14285714285714285,0.047619047619047616
336000_9635000,336000.0,9635000.0,2,3,2,-3.2942393333333335,37.525979,2009,2011,0.09523809523809523,0.047619047619047616
336000_9636000,336000.0,9636000.0,1,1,1,-3.285642,37.530894,2009,2009,0.047619047619047616,0.047619047619047616
338000_9675000,338000.0,9675000.0,1,1,1,-2.938898,37.545772,2018,2018,0.047619047619047616,0.047619047619047616
340000_9668000,340000.0,9668000.0,1,1,1,-2.996528,37.561977,2017,2017,0.047619047619047616,0.047619047619047616
344000_9669000,344000.0,9669000.0,1,13,1,-2.9915379999999994,37.596638,2011,2011,0.047619047619047616,0.047619047619047616
350000_9633000,350000.0,9633000.0,1,1,1,-3.313334,37.654722,2017,2017,0.047619047619047616,0.047619047619047616
353000_9634000,353000.0,9634000.0,2,3,2,-3.3077400000000003,37.68561433333333,2017,2017,0.09523809523809523,0.047619047619047616
354000_9633000,354000.0,9633000.0,1,1,1,-3.311048,37.686688,2020,2020,0.047619047619047616,0.047619047619047616
354000_9634000,354000.0,9634000.0,6,19,3,-3.3082896315789476,37.68833689473684,2016,2019,0.2857142857142857,0.09523809523809523
355000_9634000,355000.0,9634000.0,1,1,1,-3.307875,37.698691,2017,2017,0.047619047619047616,0.047619047619047616
