"grid_id","cell_x","cell_y","n_images","n_unique_users"
"278_9626",278,9626,1,1
"278_9680",278,9680,2,1
"279_9626",279,9626,2,2
"279_9655",279,9655,1,1
"279_9665",279,9665,1,1
"279_9679",279,9679,3,1
"280_9626",280,9626,6,4
"280_9651",280,9651,2,1
"280_9654",280,9654,1,1
"281_9626",281,9626,3,2
"283_9626",283,9626,1,1
"283_9664",283,9664,2,1
"283_9682",283,9682,1,1
"284_9623",284,9623,1,1
"284_9624",284,9624,1,1
"284_9625",284,9625,4,1
"284_9630",284,9630,10,1
"284_9664",284,9664,1,1
"284_9665",284,9665,3,1
"284_9668",284,9668,2,1
"284_9680",284,9680,1,1
"285_9621",285,9621,7,2
"285_9622",285,9622,4,1
"285_9627",285,9627,3,1
"285_9647",285,9647,4,1
"285_9667",285,9667,2,1
"285_9668",285,9668,9,1
"286_9621",286,9621,3,1
"286_9627",286,9627,2,2
"286_9628",286,9628,1,1
"286_9635",286,9635,1,1
"287_9628",287,9628,2,2
"287_9669",287,9669,15,3
"288_9628",288,9628,3,2
"288_9642",288,9642,1,1
"289_9629",289,9629,3,2
"289_9645",289,9645,1,1
"289_9670",289,9670,2,1
"291_9670",291,9670,1,1
"292_9630",292,9630,1,1
"292_9672",292,9672,8,3
"293_9667",293,9667,2,2
"294_9631",294,9631,19,4
"294_9667",294,9667,4,1
"295_9666",295,9666,1,1
"295_9667",295,9667,1,1
"297_9668",297,9668,48,3
"298_9632",298,9632,2,1
"298_9668",298,9668,5,5
"299_9668",299,9668,7,3
"300_9622",300,9622,1,1
"300_9634",300,9634,8,6
"300_9666",300,9666,1,1
"300_9667",300,9667,1,1
"300_9668",300,9668,32,3
"301_9648",301,9648,1,1
"301_9655",301,9655,1,1
"301_9668",301,9668,3,1
"302_9632",302,9632,1,1
"302_9633",302,9633,1,1
"302_9644",302,9644,9,1
"302_9667",302,9667,5,3
"303_9632",303,9632,3,2
"303_9638",303,9638,10,3
"303_9642",303,9642,1,1
"303_9666",303,9666,112,13
"303_9667",303,9667,2,2
"303_9668",303,9668,4,3
"303_9669",303,9669,10,4
"304_9647",304,9647,1,1
"304_9648",304,9648,1,1
"304_9649",304,9649,29,13
"304_9650",304,9650,9,3
"304_9651",304,9651,8,4
"304_9652",304,9652,3,2
"304_9661",304,9661,11,4
"304_9663",304,9663,3,1
"304_9664",304,9664,1,1
"304_9665",304,9665,3,1
"305_9632",305,9632,19,3
"305_9652",305,9652,3,1
"305_9653",305,9653,1,1
"305_9654",305,9654,2,1
"305_9655",305,9655,1,1
"305_9664",305,9664,2,1
"305_9665",305,9665,4,1
"306_9632",306,9632,27,2
"306_9633",306,9633,7,1
"306_9656",306,9656,2,1
"306_9657",306,9657,1,1
"306_9664",306,9664,6,3
"306_9665",306,9665,3,1
"306_9666",306,9666,1,1
"307_9631",307,9631,4,3
"307_9632",307,9632,8,5
"307_9642",307,9642,4,1
"307_9657",307,9657,82,21
"307_9658",307,9658,8,7
"307_9659",307,9659,10,1
"307_9663",307,9663,4,2
"308_9631",308,9631,1,1
"308_9632",308,9632,8,1
"308_9634",308,9634,4,1
"308_9642",308,9642,4,1
"308_9658",308,9658,27,11
"308_9659",308,9659,13,3
"308_9660",308,9660,101,24
"308_9661",308,9661,22,8
"308_9662",308,9662,41,8
"308_9663",308,9663,32,1
"309_9651",309,9651,3,1
"309_9659",309,9659,27,11
"309_9660",309,9660,22,11
"309_9662",309,9662,2,2
"310_9630",310,9630,4,3
"310_9632",310,9632,2,1
"310_9660",310,9660,16,10
"310_9662",310,9662,3,1
"310_9663",310,9663,5,3
"310_9664",310,9664,10,1
"311_9628",311,9628,1,1
"311_9630",311,9630,3,2
"311_9661",311,9661,19,13
"311_9662",311,9662,8,4
"311_9663",311,9663,80,4
"311_9664",311,9664,3,3
"312_9630",312,9630,1,1
"312_9653",312,9653,2,1
"312_9661",312,9661,30,13
"312_9663",312,9663,9,1
"313_9626",313,9626,7,2
"313_9627",313,9627,6,2
"313_9628",313,9628,1,1
"313_9631",313,9631,4,2
"313_9634",313,9634,3,1
"313_9638",313,9638,1,1
"313_9655",313,9655,8,1
"313_9656",313,9656,3,1
"313_9657",313,9657,3,2
"313_9658",313,9658,22,7
"313_9659",313,9659,8,4
"313_9660",313,9660,14,6
"313_9661",313,9661,24,13
"313_9662",313,9662,15,1
"314_9627",314,9627,1,1
"314_9629",314,9629,6,4
"314_9630",314,9630,1,1
"314_9633",314,9633,1,1
"314_9635",314,9635,2,1
"314_9643",314,9643,1,1
"314_9656",314,9656,116,1
"314_9657",314,9657,264,40
"314_9658",314,9658,46,19
"314_9659",314,9659,2,2
"314_9660",314,9660,114,22
"314_9661",314,9661,19,1
"315_9626",315,9626,29,5
"315_9627",315,9627,1,1
"315_9628",315,9628,28,9
"315_9629",315,9629,78,24
"315_9630",315,9630,7,4
"315_9641",315,9641,1,1
"315_9643",315,9643,46,7
"315_9644",315,9644,1,1
"315_9651",315,9651,1,1
"315_9656",315,9656,8,4
"315_9657",315,9657,56,23
"315_9660",315,9660,2,2
"315_9661",315,9661,20,1
"315_9664",315,9664,63,1
"316_9626",316,9626,4,2
"316_9627",316,9627,2,1
"316_9629",316,9629,26,8
"316_9630",316,9630,26,11
"316_9631",316,9631,4,3
"316_9633",316,9633,1,1
"316_9640",316,9640,7,1
"316_9641",316,9641,19,2
"316_9645",316,9645,5,5
"316_9655",316,9655,12,4
"316_9656",316,9656,40,11
"316_9659",316,9659,82,11
"316_9660",316,9660,110,13
"316_9661",316,9661,6,3
"316_9682",316,9682,1,1
"317_9624",317,9624,1,1
"317_9625",317,9625,1,1
"317_9626",317,9626,1,1
"317_9631",317,9631,1,1
"317_9640",317,9640,8,1
"317_9646",317,9646,2,2
"317_9648",317,9648,1,1
"317_9649",317,9649,6,3
"317_9650",317,9650,31,1
"317_9655",317,9655,121,26
"317_9656",317,9656,51,16
"317_9658",317,9658,3,1
"317_9659",317,9659,397,57
"317_9660",317,9660,19,13
"317_9661",317,9661,98,8
"317_9666",317,9666,1,1
"317_9681",317,9681,1,1
"318_9631",318,9631,6,2
"318_9638",318,9638,2,1
"318_9650",318,9650,21,8
"318_9651",318,9651,7,5
"318_9653",318,9653,2,1
"318_9654",318,9654,1,1
"318_9656",318,9656,36,13
"318_9657",318,9657,2,2
"318_9658",318,9658,86,3
"318_9659",318,9659,88,36
"318_9660",318,9660,15,9
"318_9662",318,9662,13,2
"318_9666",318,9666,4,3
"319_9631",319,9631,1,1
"319_9639",319,9639,9,1
"319_9652",319,9652,16,8
"319_9653",319,9653,22,7
"319_9654",319,9654,2,2
"319_9655",319,9655,4,2
"319_9656",319,9656,29,14
"319_9657",319,9657,141,27
"319_9658",319,9658,22,9
"319_9659",319,9659,8,5
"319_9660",319,9660,1,1
"319_9679",319,9679,1,1
"319_9680",319,9680,2,1
"320_9627",320,9627,1,1
"320_9629",320,9629,5,2
"320_9635",320,9635,1,1
"320_9637",320,9637,2,1
"320_9638",320,9638,1,1
"320_9640",320,9640,1,1
"320_9654",320,9654,1,1
"320_9657",320,9657,2,1
"320_9659",320,9659,17,9
"320_9660",320,9660,3,1
"320_9663",320,9663,16,1
"320_9680",320,9680,1,1
"321_9639",321,9639,6,3
"321_9640",321,9640,2,1
"321_9659",321,9659,14,8
"322_9628",322,9628,1,1
"322_9629",322,9629,1,1
"322_9636",322,9636,2,1
"322_9639",322,9639,1,1
"322_9640",322,9640,12,5
"322_9658",322,9658,2,1
"322_9659",322,9659,7,4
"323_9627",323,9627,2,1
"323_9656",323,9656,1,1
"323_9657",323,9657,3,3
"323_9658",323,9658,2,2
"323_9659",323,9659,5,2
"323_9662",323,9662,1,1
"323_9663",323,9663,4,4
"323_9679",323,9679,1,1
"324_9655",324,9655,13,6
"324_9659",324,9659,3,3
"324_9665",324,9665,2,2
"324_9666",324,9666,16,7
"324_9678",324,9678,1,1
"325_9653",325,9653,13,5
"325_9654",325,9654,21,5
"325_9657",325,9657,2,1
"325_9659",325,9659,9,4
"325_9664",325,9664,3,1
"325_9668",325,9668,1,1
"325_9669",325,9669,2,1
"326_9625",326,9625,4,2
"326_9652",326,9652,103,16
"326_9653",326,9653,17,7
"326_9655",326,9655,3,1
"326_9656",326,9656,1,1
"326_9659",326,9659,4,3
"326_9663",326,9663,1,1
"326_9669",326,9669,4,3
"327_9641",327,9641,1,1
"327_9652",327,9652,1,1
"327_9653",327,9653,2,2
"327_9657",327,9657,1,1
"327_9658",327,9658,1,1
"327_9659",327,9659,1,1
"327_9660",327,9660,11,4
"327_9661",327,9661,3,3
"327_9662",327,9662,23,6
"327_9670",327,9670,12,6
"327_9673",327,9673,1,1
"328_9636",328,9636,2,1
"328_9647",328,9647,1,1
"328_9652",328,9652,2,1
"328_9658",328,9658,1,1
"328_9659",328,9659,37,6
"328_9670",328,9670,3,3
"328_9675",328,9675,2,1
"329_9624",329,9624,3,1
"329_9652",329,9652,2,2
"329_9671",329,9671,1,1
"329_9675",329,9675,2,1
"330_9651",330,9651,4,4
"330_9671",330,9671,3,1
"331_9644",331,9644,5,1
"331_9650",331,9650,1,1
"331_9651",331,9651,2,1
"332_9623",332,9623,2,2
"332_9635",332,9635,1,1
"332_9650",332,9650,7,4
"332_9672",332,9672,5,4
"333_9623",333,9623,6,2
"333_9636",333,9636,3,2
"333_9649",333,9649,4,1
"333_9650",333,9650,1,1
"333_9672",333,9672,2,1
"334_9635",334,9635,19,2
"334_9636",334,9636,3,2
"334_9638",334,9638,2,1
"334_9646",334,9646,2,2
"334_9648",334,9648,38,12
"334_9663",334,9663,2,1
"334_9676",334,9676,12,3
"335_9622",335,9622,1,1
"335_9623",335,9623,2,2
"335_9635",335,9635,9,3
"335_9636",335,9636,9,5
"335_9637",335,9637,22,6
"335_9638",335,9638,2,1
"335_9639",335,9639,26,2
"335_9640",335,9640,4,1
"335_9641",335,9641,38,10
"335_9642",335,9642,1,1
"335_9643",335,9643,8,2
"335_9644",335,9644,5,4
"335_9645",335,9645,5,3
"335_9646",335,9646,5,3
"335_9647",335,9647,2,2
"335_9648",335,9648,33,5
"335_9676",335,9676,1,1
"336_9635",336,9635,16,3
"336_9636",336,9636,1,1
"336_9682",336,9682,4,1
"337_9624",337,9624,2,2
"338_9625",338,9625,1,1
"338_9668",338,9668,1,1
"338_9675",338,9675,1,1
"339_9632",339,9632,1,1
"339_9668",339,9668,1,1
"340_9668",340,9668,1,1
"341_9672",341,9672,1,1
"343_9653",343,9653,4,2
"344_9639",344,9639,1,1
"344_9658",344,9658,1,1
"344_9669",344,9669,13,1
"344_9670",344,9670,1,1
"345_9647",345,9647,2,1
"345_9669",345,9669,1,1
"346_9640",346,9640,1,1
"347_9639",347,9639,1,1
"347_9647",347,9647,1,1
"348_9626",348,9626,1,1
"350_9633",350,9633,3,1
"351_9633",351,9633,1,1
"352_9625",352,9625,1,1
"352_9632",352,9632,1,1
"353_9626",353,9626,2,1
"353_9627",353,9627,1,1
"353_9634",353,9634,7,2
"354_9626",354,9626,1,1
"354_9633",354,9633,1,1
"354_9634",354,9634,29,3
"354_9663",354,9663,1,1
"355_9634",355,9634,5,2
"355_9662",355,9662,1,1
"356_9627",356,9627,1,1
"356_9630",356,9630,1,1
"356_9631",356,9631,1,1
"356_9645",356,9645,1,1
"357_9642",357,9642,2,1
"358_9641",358,9641,1,1
"358_9647",358,9647,1,1
"358_9661",358,9661,1,1
"359_9640",359,9640,1,1
"359_9648",359,9648,1,1
