grid_id,cell_x,cell_y,n_years_with_activity,total_PUD_all_years,avg_annual_PUD,easting_centre,northing_centre
317_9659,317,9659,16,64,3.0476190476190474,317500.0,9659500.0
314_9657,314,9657,13,63,3.0,314500.0,9657500.0
318_9659,318,9659,16,37,1.7619047619047619,318500.0,9659500.0
317_9655,317,9655,13,34,1.619047619047619,317500.0,9655500.0
319_9657,319,9657,13,33,1.5714285714285714,319500.0,9657500.0
308_9660,308,9660,12,32,1.5238095238095237,308500.0,9660500.0
316_9660,316,9660,8,31,1.4761904761904763,316500.0,9660500.0
315_9629,315,9629,11,31,1.4761904761904763,315500.0,9629500.0
307_9657,307,9657,12,28,1.3333333333333333,307500.0,9657500.0
326_9652,326,9652,10,26,1.2380952380952381,326500.0,9652500.0
315_9657,315,9657,14,25,1.1904761904761905,315500.0,9657500.0
314_9660,314,9660,10,24,1.1428571428571428,314500.0,9660500.0
316_9659,316,9659,9,22,1.0476190476190477,316500.0,9659500.0
303_9666,303,9666,8,19,0.9047619047619048,303500.0,9666500.0
314_9658,314,9658,11,19,0.9047619047619048,314500.0,9658500.0
317_9656,317,9656,10,17,0.8095238095238095,317500.0,9656500.0
319_9656,319,9656,10,16,0.7619047619047619,319500.0,9656500.0
334_9648,334,9648,7,14,0.6666666666666666,334500.0,9648500.0
311_9661,311,9661,7,13,0.6190476190476191,311500.0,9661500.0
312_9661,312,9661,8,13,0.6190476190476191,312500.0,9661500.0
313_9661,313,9661,10,13,0.6190476190476191,313500.0,9661500.0
304_9649,304,9649,10,13,0.6190476190476191,304500.0,9649500.0
317_9661,317,9661,7,13,0.6190476190476191,317500.0,9661500.0
318_9656,318,9656,7,13,0.6190476190476191,318500.0,9656500.0
309_9660,309,9660,7,13,0.6190476190476191,309500.0,9660500.0
316_9656,316,9656,9,12,0.5714285714285714,316500.0,9656500.0
317_9660,317,9660,9,12,0.5714285714285714,317500.0,9660500.0
308_9658,308,9658,10,11,0.5238095238095238,308500.0,9658500.0
308_9662,308,9662,5,11,0.5238095238095238,308500.0,9662500.0
335_9641,335,9641,8,11,0.5238095238095238,335500.0,9641500.0
309_9659,309,9659,7,11,0.5238095238095238,309500.0,9659500.0
310_9660,310,9660,7,10,0.47619047619047616,310500.0,9660500.0
319_9658,319,9658,7,10,0.47619047619047616,319500.0,9658500.0
316_9629,316,9629,6,10,0.47619047619047616,316500.0,9629500.0
319_9653,319,9653,6,10,0.47619047619047616,319500.0,9653500.0
316_9630,316,9630,7,10,0.47619047619047616,316500.0,9630500.0
308_9661,308,9661,7,9,0.42857142857142855,308500.0,9661500.0
320_9659,320,9659,7,9,0.42857142857142855,320500.0,9659500.0
318_9650,318,9650,5,9,0.42857142857142855,318500.0,9650500.0
315_9628,315,9628,8,9,0.42857142857142855,315500.0,9628500.0
318_9660,318,9660,7,8,0.38095238095238093,318500.0,9660500.0
307_9632,307,9632,3,8,0.38095238095238093,307500.0,9632500.0
319_9652,319,9652,7,8,0.38095238095238093,319500.0,9652500.0
326_9653,326,9653,7,8,0.38095238095238093,326500.0,9653500.0
328_9659,328,9659,5,7,0.3333333333333333,328500.0,9659500.0
354_9634,354,9634,4,7,0.3333333333333333,354500.0,9634500.0
321_9659,321,9659,6,7,0.3333333333333333,321500.0,9659500.0
307_9658,307,9658,7,7,0.3333333333333333,307500.0,9658500.0
313_9658,313,9658,6,7,0.3333333333333333,313500.0,9658500.0
324_9666,324,9666,4,7,0.3333333333333333,324500.0,9666500.0
327_9662,327,9662,6,7,0.3333333333333333,327500.0,9662500.0
315_9664,315,9664,1,7,0.3333333333333333,315500.0,9664500.0
315_9643,315,9643,6,7,0.3333333333333333,315500.0,9643500.0
315_9626,315,9626,4,7,0.3333333333333333,315500.0,9626500.0
314_9656,314,9656,1,6,0.2857142857142857,314500.0,9656500.0
316_9661,316,9661,3,6,0.2857142857142857,316500.0,9661500.0
311_9663,311,9663,4,6,0.2857142857142857,311500.0,9663500.0
325_9654,325,9654,4,6,0.2857142857142857,325500.0,9654500.0
335_9637,335,9637,4,6,0.2857142857142857,335500.0,9637500.0
300_9634,300,9634,4,6,0.2857142857142857,300500.0,9634500.0
313_9660,313,9660,6,6,0.2857142857142857,313500.0,9660500.0
297_9668,297,9668,2,5,0.23809523809523808,297500.0,9668500.0
335_9636,335,9636,3,5,0.23809523809523808,335500.0,9636500.0
324_9655,324,9655,5,5,0.23809523809523808,324500.0,9655500.0
325_9653,325,9653,4,5,0.23809523809523808,325500.0,9653500.0
298_9668,298,9668,4,5,0.23809523809523808,298500.0,9668500.0
322_9640,322,9640,4,5,0.23809523809523808,322500.0,9640500.0
316_9645,316,9645,3,5,0.23809523809523808,316500.0,9645500.0
316_9655,316,9655,3,5,0.23809523809523808,316500.0,9655500.0
318_9651,318,9651,4,5,0.23809523809523808,318500.0,9651500.0
335_9648,335,9648,4,5,0.23809523809523808,335500.0,9648500.0
327_9670,327,9670,4,5,0.23809523809523808,327500.0,9670500.0
294_9631,294,9631,2,5,0.23809523809523808,294500.0,9631500.0
287_9669,287,9669,2,5,0.23809523809523808,287500.0,9669500.0
303_9638,303,9638,3,5,0.23809523809523808,303500.0,9638500.0
315_9630,315,9630,3,5,0.23809523809523808,315500.0,9630500.0
353_9634,353,9634,3,5,0.23809523809523808,353500.0,9634500.0
313_9659,313,9659,3,4,0.19047619047619047,313500.0,9659500.0
313_9626,313,9626,1,4,0.19047619047619047,313500.0,9626500.0
280_9626,280,9626,3,4,0.19047619047619047,280500.0,9626500.0
315_9656,315,9656,4,4,0.19047619047619047,315500.0,9656500.0
311_9662,311,9662,4,4,0.19047619047619047,311500.0,9662500.0
310_9663,310,9663,3,4,0.19047619047619047,310500.0,9663500.0
319_9659,319,9659,4,4,0.19047619047619047,319500.0,9659500.0
323_9663,323,9663,3,4,0.19047619047619047,323500.0,9663500.0
322_9659,322,9659,4,4,0.19047619047619047,322500.0,9659500.0
314_9629,314,9629,4,4,0.19047619047619047,314500.0,9629500.0
319_9639,319,9639,1,4,0.19047619047619047,319500.0,9639500.0
325_9659,325,9659,3,4,0.19047619047619047,325500.0,9659500.0
335_9644,335,9644,4,4,0.19047619047619047,335500.0,9644500.0
327_9660,327,9660,4,4,0.19047619047619047,327500.0,9660500.0
304_9651,304,9651,4,4,0.19047619047619047,304500.0,9651500.0
304_9661,304,9661,3,4,0.19047619047619047,304500.0,9661500.0
303_9669,303,9669,3,4,0.19047619047619047,303500.0,9669500.0
318_9662,318,9662,2,4,0.19047619047619047,318500.0,9662500.0
284_9630,284,9630,1,3,0.14285714285714285,284500.0,9630500.0
343_9653,343,9653,2,3,0.14285714285714285,343500.0,9653500.0
350_9633,350,9633,1,3,0.14285714285714285,350500.0,9633500.0
336_9635,336,9635,3,3,0.14285714285714285,336500.0,9635500.0
303_9668,303,9668,3,3,0.14285714285714285,303500.0,9668500.0
304_9650,304,9650,2,3,0.14285714285714285,304500.0,9650500.0
305_9632,305,9632,3,3,0.14285714285714285,305500.0,9632500.0
318_9658,318,9658,2,3,0.14285714285714285,318500.0,9658500.0
318_9666,318,9666,3,3,0.14285714285714285,318500.0,9666500.0
302_9667,302,9667,3,3,0.14285714285714285,302500.0,9667500.0
321_9639,321,9639,3,3,0.14285714285714285,321500.0,9639500.0
319_9655,319,9655,2,3,0.14285714285714285,319500.0,9655500.0
300_9668,300,9668,2,3,0.14285714285714285,300500.0,9668500.0
299_9668,299,9668,2,3,0.14285714285714285,299500.0,9668500.0
332_9672,332,9672,3,3,0.14285714285714285,332500.0,9672500.0
332_9650,332,9650,3,3,0.14285714285714285,332500.0,9650500.0
334_9676,334,9676,3,3,0.14285714285714285,334500.0,9676500.0
326_9659,326,9659,3,3,0.14285714285714285,326500.0,9659500.0
292_9672,292,9672,2,3,0.14285714285714285,292500.0,9672500.0
327_9661,327,9661,3,3,0.14285714285714285,327500.0,9661500.0
330_9651,330,9651,3,3,0.14285714285714285,330500.0,9651500.0
328_9670,328,9670,3,3,0.14285714285714285,328500.0,9670500.0
335_9646,335,9646,3,3,0.14285714285714285,335500.0,9646500.0
335_9635,335,9635,3,3,0.14285714285714285,335500.0,9635500.0
318_9631,318,9631,2,3,0.14285714285714285,318500.0,9631500.0
306_9664,306,9664,2,3,0.14285714285714285,306500.0,9664500.0
317_9658,317,9658,1,3,0.14285714285714285,317500.0,9658500.0
317_9649,317,9649,3,3,0.14285714285714285,317500.0,9649500.0
316_9631,316,9631,3,3,0.14285714285714285,316500.0,9631500.0
308_9632,308,9632,1,3,0.14285714285714285,308500.0,9632500.0
308_9659,308,9659,2,3,0.14285714285714285,308500.0,9659500.0
307_9631,307,9631,3,3,0.14285714285714285,307500.0,9631500.0
310_9630,310,9630,2,3,0.14285714285714285,310500.0,9630500.0
311_9664,311,9664,3,3,0.14285714285714285,311500.0,9664500.0
313_9627,313,9627,2,3,0.14285714285714285,313500.0,9627500.0
355_9634,355,9634,3,3,0.14285714285714285,355500.0,9634500.0
281_9626,281,9626,2,2,0.09523809523809523,281500.0,9626500.0
279_9626,279,9626,2,2,0.09523809523809523,279500.0,9626500.0
283_9664,283,9664,2,2,0.09523809523809523,283500.0,9664500.0
313_9662,313,9662,1,2,0.09523809523809523,313500.0,9662500.0
309_9662,309,9662,2,2,0.09523809523809523,309500.0,9662500.0
314_9659,314,9659,2,2,0.09523809523809523,314500.0,9659500.0
313_9657,313,9657,2,2,0.09523809523809523,313500.0,9657500.0
313_9631,313,9631,2,2,0.09523809523809523,313500.0,9631500.0
318_9657,318,9657,2,2,0.09523809523809523,318500.0,9657500.0
304_9652,304,9652,2,2,0.09523809523809523,304500.0,9652500.0
316_9641,316,9641,2,2,0.09523809523809523,316500.0,9641500.0
317_9646,317,9646,2,2,0.09523809523809523,317500.0,9646500.0
318_9653,318,9653,1,2,0.09523809523809523,318500.0,9653500.0
308_9642,308,9642,1,2,0.09523809523809523,308500.0,9642500.0
316_9626,316,9626,2,2,0.09523809523809523,316500.0,9626500.0
307_9663,307,9663,2,2,0.09523809523809523,307500.0,9663500.0
315_9660,315,9660,2,2,0.09523809523809523,315500.0,9660500.0
311_9630,311,9630,1,2,0.09523809523809523,311500.0,9630500.0
319_9654,319,9654,2,2,0.09523809523809523,319500.0,9654500.0
306_9632,306,9632,2,2,0.09523809523809523,306500.0,9632500.0
303_9667,303,9667,2,2,0.09523809523809523,303500.0,9667500.0
306_9633,306,9633,1,2,0.09523809523809523,306500.0,9633500.0
320_9629,320,9629,2,2,0.09523809523809523,320500.0,9629500.0
335_9623,335,9623,2,2,0.09523809523809523,335500.0,9623500.0
335_9647,335,9647,2,2,0.09523809523809523,335500.0,9647500.0
335_9645,335,9645,2,2,0.09523809523809523,335500.0,9645500.0
337_9624,337,9624,1,2,0.09523809523809523,337500.0,9624500.0
335_9643,335,9643,1,2,0.09523809523809523,335500.0,9643500.0
284_9665,284,9665,1,2,0.09523809523809523,284500.0,9665500.0
286_9627,286,9627,2,2,0.09523809523809523,286500.0,9627500.0
286_9621,286,9621,1,2,0.09523809523809523,286500.0,9621500.0
285_9667,285,9667,1,2,0.09523809523809523,285500.0,9667500.0
285_9647,285,9647,2,2,0.09523809523809523,285500.0,9647500.0
285_9621,285,9621,2,2,0.09523809523809523,285500.0,9621500.0
287_9628,287,9628,2,2,0.09523809523809523,287500.0,9628500.0
345_9647,345,9647,2,2,0.09523809523809523,345500.0,9647500.0
333_9636,333,9636,2,2,0.09523809523809523,333500.0,9636500.0
334_9636,334,9636,2,2,0.09523809523809523,334500.0,9636500.0
289_9629,289,9629,2,2,0.09523809523809523,289500.0,9629500.0
293_9667,293,9667,2,2,0.09523809523809523,293500.0,9667500.0
288_9628,288,9628,2,2,0.09523809523809523,288500.0,9628500.0
327_9653,327,9653,2,2,0.09523809523809523,327500.0,9653500.0
325_9657,325,9657,1,2,0.09523809523809523,325500.0,9657500.0
326_9625,326,9625,2,2,0.09523809523809523,326500.0,9625500.0
326_9669,326,9669,2,2,0.09523809523809523,326500.0,9669500.0
324_9659,324,9659,2,2,0.09523809523809523,324500.0,9659500.0
303_9632,303,9632,2,2,0.09523809523809523,303500.0,9632500.0
322_9636,322,9636,2,2,0.09523809523809523,322500.0,9636500.0
323_9657,323,9657,2,2,0.09523809523809523,323500.0,9657500.0
323_9658,323,9658,2,2,0.09523809523809523,323500.0,9658500.0
334_9635,334,9635,2,2,0.09523809523809523,334500.0,9635500.0
333_9623,333,9623,2,2,0.09523809523809523,333500.0,9623500.0
332_9623,332,9623,2,2,0.09523809523809523,332500.0,9623500.0
310_9664,310,9664,1,1,0.047619047619047616,310500.0,9664500.0
311_9628,311,9628,1,1,0.047619047619047616,311500.0,9628500.0
314_9661,314,9661,1,1,0.047619047619047616,314500.0,9661500.0
314_9635,314,9635,1,1,0.047619047619047616,314500.0,9635500.0
314_9643,314,9643,1,1,0.047619047619047616,314500.0,9643500.0
314_9627,314,9627,1,1,0.047619047619047616,314500.0,9627500.0
313_9656,313,9656,1,1,0.047619047619047616,313500.0,9656500.0
314_9633,314,9633,1,1,0.047619047619047616,314500.0,9633500.0
314_9630,314,9630,1,1,0.047619047619047616,314500.0,9630500.0
313_9628,313,9628,1,1,0.047619047619047616,313500.0,9628500.0
313_9634,313,9634,1,1,0.047619047619047616,313500.0,9634500.0
313_9638,313,9638,1,1,0.047619047619047616,313500.0,9638500.0
315_9661,315,9661,1,1,0.047619047619047616,315500.0,9661500.0
308_9634,308,9634,1,1,0.047619047619047616,308500.0,9634500.0
308_9631,308,9631,1,1,0.047619047619047616,308500.0,9631500.0
316_9633,316,9633,1,1,0.047619047619047616,316500.0,9633500.0
308_9663,308,9663,1,1,0.047619047619047616,308500.0,9663500.0
316_9682,316,9682,1,1,0.047619047619047616,316500.0,9682500.0
317_9624,317,9624,1,1,0.047619047619047616,317500.0,9624500.0
309_9651,309,9651,1,1,0.047619047619047616,309500.0,9651500.0
316_9640,316,9640,1,1,0.047619047619047616,316500.0,9640500.0
317_9626,317,9626,1,1,0.047619047619047616,317500.0,9626500.0
315_9651,315,9651,1,1,0.047619047619047616,315500.0,9651500.0
315_9644,315,9644,1,1,0.047619047619047616,315500.0,9644500.0
316_9627,316,9627,1,1,0.047619047619047616,316500.0,9627500.0
307_9659,307,9659,1,1,0.047619047619047616,307500.0,9659500.0
315_9641,315,9641,1,1,0.047619047619047616,315500.0,9641500.0
312_9653,312,9653,1,1,0.047619047619047616,312500.0,9653500.0
312_9630,312,9630,1,1,0.047619047619047616,312500.0,9630500.0
318_9638,318,9638,1,1,0.047619047619047616,318500.0,9638500.0
317_9681,317,9681,1,1,0.047619047619047616,317500.0,9681500.0
310_9662,310,9662,1,1,0.047619047619047616,310500.0,9662500.0
310_9632,310,9632,1,1,0.047619047619047616,310500.0,9632500.0
315_9627,315,9627,1,1,0.047619047619047616,315500.0,9627500.0
353_9626,353,9626,1,1,0.047619047619047616,353500.0,9626500.0
354_9633,354,9633,1,1,0.047619047619047616,354500.0,9633500.0
354_9626,354,9626,1,1,0.047619047619047616,354500.0,9626500.0
356_9631,356,9631,1,1,0.047619047619047616,356500.0,9631500.0
356_9645,356,9645,1,1,0.047619047619047616,356500.0,9645500.0
312_9663,312,9663,1,1,0.047619047619047616,312500.0,9663500.0
357_9642,357,9642,1,1,0.047619047619047616,357500.0,9642500.0
355_9662,355,9662,1,1,0.047619047619047616,355500.0,9662500.0
356_9627,356,9627,1,1,0.047619047619047616,356500.0,9627500.0
356_9630,356,9630,1,1,0.047619047619047616,356500.0,9630500.0
354_9663,354,9663,1,1,0.047619047619047616,354500.0,9663500.0
313_9655,313,9655,1,1,0.047619047619047616,313500.0,9655500.0
352_9632,352,9632,1,1,0.047619047619047616,352500.0,9632500.0
352_9625,352,9625,1,1,0.047619047619047616,352500.0,9625500.0
284_9625,284,9625,1,1,0.047619047619047616,284500.0,9625500.0
284_9624,284,9624,1,1,0.047619047619047616,284500.0,9624500.0
353_9627,353,9627,1,1,0.047619047619047616,353500.0,9627500.0
278_9680,278,9680,1,1,0.047619047619047616,278500.0,9680500.0
278_9626,278,9626,1,1,0.047619047619047616,278500.0,9626500.0
283_9626,283,9626,1,1,0.047619047619047616,283500.0,9626500.0
283_9682,283,9682,1,1,0.047619047619047616,283500.0,9682500.0
284_9623,284,9623,1,1,0.047619047619047616,284500.0,9623500.0
279_9665,279,9665,1,1,0.047619047619047616,279500.0,9665500.0
279_9679,279,9679,1,1,0.047619047619047616,279500.0,9679500.0
280_9651,280,9651,1,1,0.047619047619047616,280500.0,9651500.0
280_9654,280,9654,1,1,0.047619047619047616,280500.0,9654500.0
279_9655,279,9655,1,1,0.047619047619047616,279500.0,9655500.0
320_9637,320,9637,1,1,0.047619047619047616,320500.0,9637500.0
320_9635,320,9635,1,1,0.047619047619047616,320500.0,9635500.0
320_9627,320,9627,1,1,0.047619047619047616,320500.0,9627500.0
319_9680,319,9680,1,1,0.047619047619047616,319500.0,9680500.0
319_9660,319,9660,1,1,0.047619047619047616,319500.0,9660500.0
319_9679,319,9679,1,1,0.047619047619047616,319500.0,9679500.0
304_9665,304,9665,1,1,0.047619047619047616,304500.0,9665500.0
319_9631,319,9631,1,1,0.047619047619047616,319500.0,9631500.0
304_9647,304,9647,1,1,0.047619047619047616,304500.0,9647500.0
304_9648,304,9648,1,1,0.047619047619047616,304500.0,9648500.0
304_9664,304,9664,1,1,0.047619047619047616,304500.0,9664500.0
304_9663,304,9663,1,1,0.047619047619047616,304500.0,9663500.0
306_9665,306,9665,1,1,0.047619047619047616,306500.0,9665500.0
306_9666,306,9666,1,1,0.047619047619047616,306500.0,9666500.0
307_9642,307,9642,1,1,0.047619047619047616,307500.0,9642500.0
303_9642,303,9642,1,1,0.047619047619047616,303500.0,9642500.0
305_9652,305,9652,1,1,0.047619047619047616,305500.0,9652500.0
305_9653,305,9653,1,1,0.047619047619047616,305500.0,9653500.0
305_9655,305,9655,1,1,0.047619047619047616,305500.0,9655500.0
305_9654,305,9654,1,1,0.047619047619047616,305500.0,9654500.0
306_9656,306,9656,1,1,0.047619047619047616,306500.0,9656500.0
306_9657,306,9657,1,1,0.047619047619047616,306500.0,9657500.0
305_9664,305,9664,1,1,0.047619047619047616,305500.0,9664500.0
305_9665,305,9665,1,1,0.047619047619047616,305500.0,9665500.0
318_9654,318,9654,1,1,0.047619047619047616,318500.0,9654500.0
317_9625,317,9625,1,1,0.047619047619047616,317500.0,9625500.0
317_9648,317,9648,1,1,0.047619047619047616,317500.0,9648500.0
317_9631,317,9631,1,1,0.047619047619047616,317500.0,9631500.0
317_9650,317,9650,1,1,0.047619047619047616,317500.0,9650500.0
317_9666,317,9666,1,1,0.047619047619047616,317500.0,9666500.0
321_9640,321,9640,1,1,0.047619047619047616,321500.0,9640500.0
320_9640,320,9640,1,1,0.047619047619047616,320500.0,9640500.0
324_9678,324,9678,1,1,0.047619047619047616,324500.0,9678500.0
324_9665,324,9665,1,1,0.047619047619047616,324500.0,9665500.0
302_9633,302,9633,1,1,0.047619047619047616,302500.0,9633500.0
302_9644,302,9644,1,1,0.047619047619047616,302500.0,9644500.0
302_9632,302,9632,1,1,0.047619047619047616,302500.0,9632500.0
301_9668,301,9668,1,1,0.047619047619047616,301500.0,9668500.0
301_9648,301,9648,1,1,0.047619047619047616,301500.0,9648500.0
325_9669,325,9669,1,1,0.047619047619047616,325500.0,9669500.0
326_9663,326,9663,1,1,0.047619047619047616,326500.0,9663500.0
327_9652,327,9652,1,1,0.047619047619047616,327500.0,9652500.0
327_9657,327,9657,1,1,0.047619047619047616,327500.0,9657500.0
327_9658,327,9658,1,1,0.047619047619047616,327500.0,9658500.0
327_9673,327,9673,1,1,0.047619047619047616,327500.0,9673500.0
326_9655,326,9655,1,1,0.047619047619047616,326500.0,9655500.0
320_9660,320,9660,1,1,0.047619047619047616,320500.0,9660500.0
320_9638,320,9638,1,1,0.047619047619047616,320500.0,9638500.0
323_9627,323,9627,1,1,0.047619047619047616,323500.0,9627500.0
323_9656,323,9656,1,1,0.047619047619047616,323500.0,9656500.0
323_9659,323,9659,1,1,0.047619047619047616,323500.0,9659500.0
323_9662,323,9662,1,1,0.047619047619047616,323500.0,9662500.0
300_9666,300,9666,1,1,0.047619047619047616,300500.0,9666500.0
300_9667,300,9667,1,1,0.047619047619047616,300500.0,9667500.0
323_9679,323,9679,1,1,0.047619047619047616,323500.0,9679500.0
300_9622,300,9622,1,1,0.047619047619047616,300500.0,9622500.0
301_9655,301,9655,1,1,0.047619047619047616,301500.0,9655500.0
320_9680,320,9680,1,1,0.047619047619047616,320500.0,9680500.0
320_9663,320,9663,1,1,0.047619047619047616,320500.0,9663500.0
322_9628,322,9628,1,1,0.047619047619047616,322500.0,9628500.0
322_9639,322,9639,1,1,0.047619047619047616,322500.0,9639500.0
322_9629,322,9629,1,1,0.047619047619047616,322500.0,9629500.0
320_9654,320,9654,1,1,0.047619047619047616,320500.0,9654500.0
320_9657,320,9657,1,1,0.047619047619047616,320500.0,9657500.0
329_9652,329,9652,1,1,0.047619047619047616,329500.0,9652500.0
329_9624,329,9624,1,1,0.047619047619047616,329500.0,9624500.0
328_9675,328,9675,1,1,0.047619047619047616,328500.0,9675500.0
298_9632,298,9632,1,1,0.047619047619047616,298500.0,9632500.0
295_9667,295,9667,1,1,0.047619047619047616,295500.0,9667500.0
295_9666,295,9666,1,1,0.047619047619047616,295500.0,9666500.0
294_9667,294,9667,1,1,0.047619047619047616,294500.0,9667500.0
292_9630,292,9630,1,1,0.047619047619047616,292500.0,9630500.0
288_9642,288,9642,1,1,0.047619047619047616,288500.0,9642500.0
291_9670,291,9670,1,1,0.047619047619047616,291500.0,9670500.0
289_9670,289,9670,1,1,0.047619047619047616,289500.0,9670500.0
289_9645,289,9645,1,1,0.047619047619047616,289500.0,9645500.0
328_9658,328,9658,1,1,0.047619047619047616,328500.0,9658500.0
328_9636,328,9636,1,1,0.047619047619047616,328500.0,9636500.0
328_9647,328,9647,1,1,0.047619047619047616,328500.0,9647500.0
328_9652,328,9652,1,1,0.047619047619047616,328500.0,9652500.0
325_9668,325,9668,1,1,0.047619047619047616,325500.0,9668500.0
326_9656,326,9656,1,1,0.047619047619047616,326500.0,9656500.0
335_9622,335,9622,1,1,0.047619047619047616,335500.0,9622500.0
333_9650,333,9650,1,1,0.047619047619047616,333500.0,9650500.0
333_9672,333,9672,1,1,0.047619047619047616,333500.0,9672500.0
335_9640,335,9640,1,1,0.047619047619047616,335500.0,9640500.0
335_9642,335,9642,1,1,0.047619047619047616,335500.0,9642500.0
335_9638,335,9638,1,1,0.047619047619047616,335500.0,9638500.0
335_9676,335,9676,1,1,0.047619047619047616,335500.0,9676500.0
334_9663,334,9663,1,1,0.047619047619047616,334500.0,9663500.0
334_9646,334,9646,1,1,0.047619047619047616,334500.0,9646500.0
329_9675,329,9675,1,1,0.047619047619047616,329500.0,9675500.0
333_9649,333,9649,1,1,0.047619047619047616,333500.0,9649500.0
332_9635,332,9635,1,1,0.047619047619047616,332500.0,9635500.0
331_9651,331,9651,1,1,0.047619047619047616,331500.0,9651500.0
329_9671,329,9671,1,1,0.047619047619047616,329500.0,9671500.0
284_9664,284,9664,1,1,0.047619047619047616,284500.0,9664500.0
339_9632,339,9632,1,1,0.047619047619047616,339500.0,9632500.0
338_9675,338,9675,1,1,0.047619047619047616,338500.0,9675500.0
338_9668,338,9668,1,1,0.047619047619047616,338500.0,9668500.0
336_9636,336,9636,1,1,0.047619047619047616,336500.0,9636500.0
336_9682,336,9682,1,1,0.047619047619047616,336500.0,9682500.0
335_9639,335,9639,1,1,0.047619047619047616,335500.0,9639500.0
285_9622,285,9622,1,1,0.047619047619047616,285500.0,9622500.0
285_9668,285,9668,1,1,0.047619047619047616,285500.0,9668500.0
285_9627,285,9627,1,1,0.047619047619047616,285500.0,9627500.0
284_9680,284,9680,1,1,0.047619047619047616,284500.0,9680500.0
286_9628,286,9628,1,1,0.047619047619047616,286500.0,9628500.0
286_9635,286,9635,1,1,0.047619047619047616,286500.0,9635500.0
339_9668,339,9668,1,1,0.047619047619047616,339500.0,9668500.0
340_9668,340,9668,1,1,0.047619047619047616,340500.0,9668500.0
284_9668,284,9668,1,1,0.047619047619047616,284500.0,9668500.0
341_9672,341,9672,1,1,0.047619047619047616,341500.0,9672500.0
344_9639,344,9639,1,1,0.047619047619047616,344500.0,9639500.0
344_9669,344,9669,1,1,0.047619047619047616,344500.0,9669500.0
344_9658,344,9658,1,1,0.047619047619047616,344500.0,9658500.0
344_9670,344,9670,1,1,0.047619047619047616,344500.0,9670500.0
345_9669,345,9669,1,1,0.047619047619047616,345500.0,9669500.0
346_9640,346,9640,1,1,0.047619047619047616,346500.0,9640500.0
347_9639,347,9639,1,1,0.047619047619047616,347500.0,9639500.0
347_9647,347,9647,1,1,0.047619047619047616,347500.0,9647500.0
348_9626,348,9626,1,1,0.047619047619047616,348500.0,9626500.0
351_9633,351,9633,1,1,0.047619047619047616,351500.0,9633500.0
358_9641,358,9641,1,1,0.047619047619047616,358500.0,9641500.0
358_9647,358,9647,1,1,0.047619047619047616,358500.0,9647500.0
358_9661,358,9661,1,1,0.047619047619047616,358500.0,9661500.0
359_9640,359,9640,1,1,0.047619047619047616,359500.0,9640500.0
359_9648,359,9648,1,1,0.047619047619047616,359500.0,9648500.0
