"variable","rho","p","label"
"ReliefDiversity",0.296736781347746,5.10096960665454e-09,"italic(r)[s] == ""0.30***"""
"NDVI_var",-0.263339814553152,2.46647460962239e-07,"italic(r)[s] == ""-0.26***"""
"visible_NDSI_mean",0.250732332854859,9.3541726645841e-07,"italic(r)[s] == ""0.25***"""
"ForestEcotoneDensity",-0.226321786494625,1.01604800025076e-05,"italic(r)[s] == ""-0.23***"""
"visible_area_middle_km2",-0.21874712458551,2.02371080535072e-05,"italic(r)[s] == ""-0.22***"""
"ShapeIndex",-0.167146051495509,0.00119481767462642,"italic(r)[s] == ""-0.17**"""
"ColorDiversity_var",0.162242770836112,0.00166789166269374,"italic(r)[s] == ""0.16**"""
"NDSI",0.0852830844373159,0.100060784492645,"italic(r)[s] == ""0.09"""
"VerticalStructuralHeterogeneity",0.0771787853462606,0.136807105704769,"italic(r)[s] == ""0.08"""
"ColorDiversity",-0.0516493002571207,0.319819067762791,"italic(r)[s] == ""-0.05"""
"dist_sd_near_m",-0.0378346857461266,0.466296866925671,"italic(r)[s] == ""-0.04"""
"visible_water_near",0.0271594260920753,0.601063635029609,"italic(r)[s] == ""0.03"""
