"item","n","percent"
"n_cells_predicted",10555,100
"cells_0_outside",8967,85
"cells_1_outside",1221,11.6
"cells_2plus_outside",367,3.5
"cells_1plus_outside",1588,15
"outside_visible_water_near",4,0
"outside_dist_sd_near_m",7,0.1
"outside_visible_area_middle_km2",134,1.3
"outside_ShapeIndex",10,0.1
"outside_ForestEcotoneDensity",1,0
"outside_ReliefDiversity",612,5.8
"outside_NDSI",469,4.4
"outside_NDVI_var",134,1.3
"outside_VerticalStructuralHeterogeneity",0,0
"outside_ColorDiversity",69,0.7
"outside_ColorDiversity_var",85,0.8
"outside_visible_NDSI_mean",434,4.1
