"step","method","dropped_var","partner_var","statistic","reason"
1,"spearman","visible_prop_near","visible_area_near_km2",1,"|rho| = 1.000 >= 0.60 threshold; higher mean |rho| across remaining set (0.300 vs 0.300)"
2,"spearman","visible_prop_middle","visible_area_middle_km2",1,"|rho| = 1.000 >= 0.60 threshold; higher mean |rho| across remaining set (0.354 vs 0.354)"
3,"spearman","visible_area_km2","visible_prop",0.999998034482582,"|rho| = 1.000 >= 0.60 threshold; higher mean |rho| across remaining set (0.345 vs 0.345)"
4,"spearman","WaterEdgeLength","WaterTotalPatchArea",0.999863709343427,"|rho| = 1.000 >= 0.60 threshold; higher mean |rho| across remaining set (0.117 vs 0.116)"
5,"spearman","visible_prop","visible_area_middle_km2",0.99860267309008,"|rho| = 0.999 >= 0.60 threshold; higher mean |rho| across remaining set (0.332 vs 0.337)"
6,"spearman","MeanSlope_deg","ReliefDiversity",0.99130085312686,"|rho| = 0.991 >= 0.60 threshold; higher mean |rho| across remaining set (0.343 vs 0.339)"
7,"spearman","visible_anthropogenic","visible_anthropogenic_middle",0.982528716603929,"|rho| = 0.983 >= 0.60 threshold; higher mean |rho| across remaining set (0.350 vs 0.363)"
8,"spearman","ReliefEnergy_m","ReliefDiversity",0.973182255220298,"|rho| = 0.973 >= 0.60 threshold; higher mean |rho| across remaining set (0.324 vs 0.317)"
9,"spearman","visible_water","visible_water_middle",0.957005811178751,"|rho| = 0.957 >= 0.60 threshold; higher mean |rho| across remaining set (0.104 vs 0.138)"
10,"spearman","visible_naturalness","visible_naturalness_middle",0.94983264520746,"|rho| = 0.950 >= 0.60 threshold; higher mean |rho| across remaining set (0.224 vs 0.290)"
11,"spearman","LAI_mean","RefugeIndex",0.92342387901612,"|rho| = 0.923 >= 0.60 threshold; higher mean |rho| across remaining set (0.333 vs 0.320)"
12,"spearman","visible_diversity_near","SHDI",0.905135004872539,"|rho| = 0.905 >= 0.60 threshold; higher mean |rho| across remaining set (0.361 vs 0.333)"
13,"spearman","visible_diversity","visible_diversity_middle",0.892299280279262,"|rho| = 0.892 >= 0.60 threshold; higher mean |rho| across remaining set (0.280 vs 0.334)"
14,"spearman","SHDI","ContagionIndex",0.891194272265621,"|rho| = 0.891 >= 0.60 threshold; higher mean |rho| across remaining set (0.250 vs 0.311)"
15,"spearman","visible_anthropogenic_near","OpenSpaceProportion",0.871743689654413,"|rho| = 0.872 >= 0.60 threshold; higher mean |rho| across remaining set (0.347 vs 0.312)"
16,"spearman","RefugeIndex","LAI_var",0.854117329663745,"|rho| = 0.854 >= 0.60 threshold; higher mean |rho| across remaining set (0.312 vs 0.325)"
17,"spearman","SkyViewFactor","ReliefDiversity",0.843650524608041,"|rho| = 0.844 >= 0.60 threshold; higher mean |rho| across remaining set (0.335 vs 0.292)"
18,"spearman","MeanBrightness","visible_naturalness_near",0.836142861198337,"|rho| = 0.836 >= 0.60 threshold; higher mean |rho| across remaining set (0.323 vs 0.273)"
19,"spearman","HemerobyIndex","visible_naturalness_near",0.816273012802485,"|rho| = 0.816 >= 0.60 threshold; higher mean |rho| across remaining set (0.256 vs 0.313)"
20,"spearman","DistanceToSummit_km","ReliefDiversity",0.786465311400322,"|rho| = 0.786 >= 0.60 threshold; higher mean |rho| across remaining set (0.315 vs 0.267)"
21,"spearman","NDVI_mean","LAI_var",0.781460212453198,"|rho| = 0.781 >= 0.60 threshold; higher mean |rho| across remaining set (0.280 vs 0.288)"
22,"spearman","OpenSpaceProportion","NumLandElements",0.778987854939846,"|rho| = 0.779 >= 0.60 threshold; higher mean |rho| across remaining set (0.273 vs 0.256)"
23,"spearman","NumLandElements","ContagionIndex",0.767185621526782,"|rho| = 0.767 >= 0.60 threshold; higher mean |rho| across remaining set (0.208 vs 0.238)"
24,"spearman","dist_sd_m","dist_sd_middle_m",0.757562519122503,"|rho| = 0.758 >= 0.60 threshold; higher mean |rho| across remaining set (0.191 vs 0.229)"
25,"spearman","visible_MeanBrightness","visible_naturalness_middle",0.739532691757276,"|rho| = 0.740 >= 0.60 threshold; higher mean |rho| across remaining set (0.234 vs 0.204)"
26,"spearman","visible_naturalness_near","NDSI",0.73601883961134,"|rho| = 0.736 >= 0.60 threshold; higher mean |rho| across remaining set (0.211 vs 0.163)"
27,"spearman","visible_water_near","WaterTotalPatchArea",0.673482167043868,"|rho| = 0.673 >= 0.60 threshold; higher mean |rho| across remaining set (0.143 vs 0.122)"
28,"spearman","visible_area_near_km2","dist_sd_near_m",0.655147153103784,"|rho| = 0.655 >= 0.60 threshold; higher mean |rho| across remaining set (0.199 vs 0.209)"
29,"spearman","visible_anthropogenic_middle","visible_diversity_middle",0.649604822289952,"|rho| = 0.650 >= 0.60 threshold; higher mean |rho| across remaining set (0.234 vs 0.290)"
30,"spearman","visible_NDSI_mean","visible_naturalness_middle",0.643654223824461,"|rho| = 0.644 >= 0.60 threshold; higher mean |rho| across remaining set (0.172 vs 0.170)"
31,"spearman","visible_diversity_middle","dist_sd_middle_m",0.607682569548362,"|rho| = 0.608 >= 0.60 threshold; higher mean |rho| across remaining set (0.222 vs 0.162)"
32,"vif","WaterTotalPatchArea",NA,14.7152876729535,"VIF = 14.72 >= 5.0 threshold (highest among remaining 19 predictors)"
