image_10007.jpg,;human
image_10114.jpg,;human
image_10124.jpg,;human
image_10146.jpg,;human
image_10180.jpg,;human
image_10229.jpg,;human
image_10300.jpg,;human
image_10323.jpg,;human
image_10696.jpg,;human
image_10852.jpg,;human
image_10876.jpg,;human
image_10979.jpg,;human
image_1112.jpg,;human
image_1121.jpg,;human
image_11316.jpg,;human
image_11434.jpg,;human
image_11449.jpg,;human
image_11458.jpg,;human
image_11498.jpg,;human
image_11604.jpg,;human
image_11656.jpg,;human
image_11815.jpg,;human
image_12205.jpg,;human
image_1384.jpg,;human
image_1415.jpg,;human
image_1536.jpg,;human
image_1584.jpg,;human
image_16.jpg,;human
image_2033.jpg,;human
image_2039.jpg,;human
image_2041.jpg,;human
image_2247.jpg,;human
image_2499.jpg,;human
image_2566.jpg,;human
image_2589.jpg,;human
image_2795.jpg,;human
image_2804.jpg,;human
image_2840.jpg,;human
image_2874.jpg,;human
image_2894.jpg,;human
image_2933.jpg,;human
image_3012.jpg,;human
image_3017.jpg,;human
image_3227.jpg,;human
image_3255.jpg,;human
image_3339.jpg,;human
image_3423.jpg,;human
image_3426.jpg,;human
image_3429.jpg,;human
image_3433.jpg,;human
image_3989.jpg,;human
image_4020.jpg,;human
image_4039.jpg,;human
image_4195.jpg,;human
image_4307.jpg,;human
image_4413.jpg,;human
image_4437.jpg,;human
image_4457.jpg,;human
image_4470.jpg,;human
image_4610.jpg,;human
image_492.jpg,;human
image_534.jpg,;human
image_5443.jpg,;human
image_6329.jpg,;human
image_7488.jpg,;human
image_7490.jpg,;human
image_7549.jpg,;human
image_7906.jpg,;human
image_8301.jpg,;human
image_8696.jpg,;human
image_8804.jpg,;human
image_8892.jpg,;human
image_9375.jpg,;human
image_9379.jpg,;human
image_9434.jpg,;human
image_9635.jpg,;human
image_971.jpg,;human
image_9710.jpg,;human
image_9718.jpg,;human
image_9744.jpg,;human
image_9747.jpg,;human
image_9843.jpg,;human
image_10034.jpg,;non_human
image_10057.jpg,;non_human
image_10061.jpg,;non_human
image_10104.jpg,;non_human
image_10382.jpg,;non_human
image_10404.jpg,;non_human
image_10454.jpg,;non_human
image_10479.jpg,;non_human
image_10484.jpg,;non_human
image_10489.jpg,;non_human
image_10601.jpg,;non_human
image_10658.jpg,;non_human
image_10669.jpg,;non_human
image_10715.jpg,;non_human
image_10764.jpg,;non_human
image_10770.jpg,;non_human
image_10774.jpg,;non_human
image_10825.jpg,;non_human
image_10871.jpg,;non_human
image_10888.jpg,;non_human
image_10896.jpg,;non_human
image_10898.jpg,;non_human
image_10900.jpg,;non_human
image_10928.jpg,;non_human
image_10932.jpg,;non_human
image_10970.jpg,;non_human
image_11009.jpg,;non_human
image_11028.jpg,;non_human
image_11036.jpg,;non_human
image_11044.jpg,;non_human
image_11049.jpg,;non_human
image_11055.jpg,;non_human
image_11062.jpg,;non_human
image_11082.jpg,;non_human
image_11085.jpg,;non_human
image_11091.jpg,;non_human
image_11108.jpg,;non_human
image_11154.jpg,;non_human
image_11210.jpg,;non_human
image_11226.jpg,;non_human
image_11230.jpg,;non_human
image_11260.jpg,;non_human
image_11339.jpg,;non_human
image_11406.jpg,;non_human
image_11428.jpg,;non_human
image_11442.jpg,;non_human
image_11493.jpg,;non_human
image_11511.jpg,;non_human
image_11519.jpg,;non_human
image_11544.jpg,;non_human
image_11560.jpg,;non_human
image_11582.jpg,;non_human
image_11587.jpg,;non_human
image_11667.jpg,;non_human
image_11702.jpg,;non_human
image_11709.jpg,;non_human
image_11748.jpg,;non_human
image_11751.jpg,;non_human
image_11756.jpg,;non_human
image_11834.jpg,;non_human
image_11966.jpg,;non_human
image_11997.jpg,;non_human
image_12083.jpg,;non_human
image_12098.jpg,;non_human
image_12142.jpg,;non_human
image_12181.jpg,;non_human
image_12182.jpg,;non_human
image_12208.jpg,;non_human
image_12238.jpg,;non_human
image_12306.jpg,;non_human
image_12325.jpg,;non_human
image_12326.jpg,;non_human
image_12334.jpg,;non_human
image_12377.jpg,;non_human
image_1342.jpg,;non_human
image_1375.jpg,;non_human
image_1385.jpg,;non_human
image_142.jpg,;non_human
image_1436.jpg,;non_human
image_1541.jpg,;non_human
image_1566.jpg,;non_human
image_1637.jpg,;non_human
image_1644.jpg,;non_human
image_1664.jpg,;non_human
image_1736.jpg,;non_human
image_186.jpg,;non_human
image_194.jpg,;non_human
image_1974.jpg,;non_human
image_2060.jpg,;non_human
image_2070.jpg,;non_human
image_2175.jpg,;non_human
image_2176.jpg,;non_human
image_2210.jpg,;non_human
image_2257.jpg,;non_human
image_2339.jpg,;non_human
image_2357.jpg,;non_human
image_2365.jpg,;non_human
image_2378.jpg,;non_human
image_239.jpg,;non_human
image_2398.jpg,;non_human
image_2407.jpg,;non_human
image_2414.jpg,;non_human
image_243.jpg,;non_human
image_2466.jpg,;non_human
image_2480.jpg,;non_human
image_2491.jpg,;non_human
image_2507.jpg,;non_human
image_2510.jpg,;non_human
image_2641.jpg,;non_human
image_2658.jpg,;non_human
image_266.jpg,;non_human
image_2676.jpg,;non_human
image_2714.jpg,;non_human
image_2717.jpg,;non_human
image_2752.jpg,;non_human
image_277.jpg,;non_human
image_2817.jpg,;non_human
image_2901.jpg,;non_human
image_2903.jpg,;non_human
image_2926.jpg,;non_human
image_2964.jpg,;non_human
image_2976.jpg,;non_human
image_2994.jpg,;non_human
image_3161.jpg,;non_human
image_3190.jpg,;non_human
image_320.jpg,;non_human
image_3209.jpg,;non_human
image_3216.jpg,;non_human
image_3221.jpg,;non_human
image_3224.jpg,;non_human
image_3232.jpg,;non_human
image_3252.jpg,;non_human
image_3266.jpg,;non_human
image_3300.jpg,;non_human
image_3381.jpg,;non_human
image_3406.jpg,;non_human
image_3435.jpg,;non_human
image_3484.jpg,;non_human
image_3533.jpg,;non_human
image_3545.jpg,;non_human
image_3628.jpg,;non_human
image_3689.jpg,;non_human
image_3693.jpg,;non_human
image_3746.jpg,;non_human
image_3771.jpg,;non_human
image_3786.jpg,;non_human
image_3798.jpg,;non_human
image_3836.jpg,;non_human
image_3919.jpg,;non_human
image_4031.jpg,;non_human
image_4052.jpg,;non_human
image_4063.jpg,;non_human
image_4066.jpg,;non_human
image_4199.jpg,;non_human
image_4358.jpg,;non_human
image_447.jpg,;non_human
image_451.jpg,;non_human
image_4526.jpg,;non_human
image_4904.jpg,;non_human
image_5448.jpg,;non_human
image_5465.jpg,;non_human
image_5583.jpg,;non_human
image_5993.jpg,;non_human
image_6002.jpg,;non_human
image_6392.jpg,;non_human
image_6742.jpg,;non_human
image_675.jpg,;non_human
image_6763.jpg,;non_human
image_6770.jpg,;non_human
image_6773.jpg,;non_human
image_6808.jpg,;non_human
image_6988.jpg,;non_human
image_7084.jpg,;non_human
image_7675.jpg,;non_human
image_7806.jpg,;non_human
image_7808.jpg,;non_human
image_7833.jpg,;non_human
image_7851.jpg,;non_human
image_7895.jpg,;non_human
image_7976.jpg,;non_human
image_8107.jpg,;non_human
image_8112.jpg,;non_human
image_8151.jpg,;non_human
image_8155.jpg,;non_human
image_8163.jpg,;non_human
image_8169.jpg,;non_human
image_8171.jpg,;non_human
image_8178.jpg,;non_human
image_8257.jpg,;non_human
image_8364.jpg,;non_human
image_8493.jpg,;non_human
image_8495.jpg,;non_human
image_8592.jpg,;non_human
image_8687.jpg,;non_human
image_8767.jpg,;non_human
image_88.jpg,;non_human
image_8826.jpg,;non_human
image_8865.jpg,;non_human
image_8883.jpg,;non_human
image_8901.jpg,;non_human
image_8952.jpg,;non_human
image_8958.jpg,;non_human
image_9039.jpg,;non_human
image_9057.jpg,;non_human
image_9139.jpg,;non_human
image_9144.jpg,;non_human
image_9200.jpg,;non_human
image_9227.jpg,;non_human
image_9303.jpg,;non_human
image_9386.jpg,;non_human
image_9397.jpg,;non_human
image_9433.jpg,;non_human
image_9516.jpg,;non_human
image_9613.jpg,;non_human
image_9671.jpg,;non_human
image_9772.jpg,;non_human
image_9894.jpg,;non_human
image_9973.jpg,;non_human
filename,human_non_human;
