file_name,pred_label,confidence
image_10.jpg,indoor,0.19109821
image_1000.jpg,outdoor,0.18738353
image_10008.jpg,indoor,0.21441004
image_10017.jpg,indoor,0.22001158
image_10151.jpg,indoor,0.2309357
image_10178.jpg,indoor,0.21961483
image_10203.jpg,outdoor,0.19928585
image_103.jpg,indoor,0.1880292
image_10643.jpg,outdoor,0.21656126
image_11323.jpg,indoor,0.21629079
image_11326.jpg,outdoor,0.20270738
image_11328.jpg,indoor,0.23220557
image_11357.jpg,indoor,0.20532396
image_11364.jpg,indoor,0.1854566
image_11371.jpg,indoor,0.23016645
image_11372.jpg,indoor,0.24688411
image_11384.jpg,indoor,0.20098531
image_11427.jpg,indoor,0.24445345
image_11525.jpg,indoor,0.24600875
image_11663.jpg,indoor,0.21471576
image_12042.jpg,outdoor,0.22057219
image_12124.jpg,indoor,0.23765352
image_12203.jpg,indoor,0.19205114
image_12289.jpg,indoor,0.24662617
image_12302.jpg,indoor,0.2060175
image_1262.jpg,indoor,0.22324
image_1350.jpg,indoor,0.2143403
image_1351.jpg,indoor,0.2246441
image_144.jpg,indoor,0.19049543
image_147.jpg,indoor,0.19666332
image_152.jpg,outdoor,0.23298045
image_1529.jpg,indoor,0.22613962
image_1549.jpg,outdoor,0.1781933
image_1759.jpg,indoor,0.26935866
image_1779.jpg,outdoor,0.20345145
image_1846.jpg,indoor,0.17005959
image_1848.jpg,outdoor,0.16367772
image_185.jpg,indoor,0.23427145
image_1853.jpg,indoor,0.27798992
image_1855.jpg,indoor,0.2654652
image_1856.jpg,indoor,0.23302457
image_1858.jpg,indoor,0.22565135
image_1868.jpg,outdoor,0.17659052
image_1876.jpg,indoor,0.21930905
image_1881.jpg,indoor,0.16883808
image_1884.jpg,indoor,0.21318519
image_1897.jpg,indoor,0.2621539
image_1902.jpg,indoor,0.22102526
image_2034.jpg,outdoor,0.20425144
image_2163.jpg,outdoor,0.21198443
image_2197.jpg,outdoor,0.19915369
image_2263.jpg,outdoor,0.21322466
image_2283.jpg,indoor,0.24207708
image_2324.jpg,indoor,0.20778245
image_2329.jpg,outdoor,0.20955527
image_2350.jpg,indoor,0.24391681
image_2404.jpg,indoor,0.22207178
image_2445.jpg,indoor,0.23533449
image_2486.jpg,outdoor,0.16289084
image_2495.jpg,indoor,0.17980902
image_2496.jpg,indoor,0.19652395
image_2498.jpg,outdoor,0.16826192
image_2514.jpg,indoor,0.1616858
image_2515.jpg,indoor,0.18418908
image_2517.jpg,outdoor,0.20335966
image_2518.jpg,indoor,0.2541422
image_2520.jpg,indoor,0.17730625
image_2521.jpg,indoor,0.21083045
image_2522.jpg,outdoor,0.19258352
image_2523.jpg,indoor,0.20495388
image_2541.jpg,outdoor,0.23504385
image_258.jpg,outdoor,0.16288796
image_259.jpg,indoor,0.16911319
image_2606.jpg,indoor,0.2018802
image_2608.jpg,outdoor,0.20337963
image_2609.jpg,indoor,0.2098917
image_2610.jpg,indoor,0.23557323
image_2612.jpg,outdoor,0.20566496
image_2615.jpg,outdoor,0.20049322
image_2654.jpg,outdoor,0.21720628
image_2679.jpg,indoor,0.20123687
image_27.jpg,indoor,0.21764594
image_2882.jpg,indoor,0.2287834
image_29.jpg,indoor,0.265463
image_2908.jpg,indoor,0.23951231
image_2920.jpg,outdoor,0.17536461
image_2924.jpg,outdoor,0.18731123
image_2928.jpg,indoor,0.1797197
image_2934.jpg,indoor,0.20089138
image_2935.jpg,indoor,0.20371486
image_2939.jpg,outdoor,0.19249745
image_2940.jpg,outdoor,0.19653878
image_2941.jpg,indoor,0.26395565
image_2942.jpg,indoor,0.24077514
image_2943.jpg,indoor,0.25972664
image_2951.jpg,indoor,0.19551846
image_2952.jpg,outdoor,0.22281702
image_2954 - Copy.jpg,indoor,0.21485117
image_2954.jpg,indoor,0.21485117
image_2955 - Copy.jpg,indoor,0.21012498
image_2955.jpg,indoor,0.21012498
image_2956.jpg,indoor,0.23190232
image_2957.jpg,indoor,0.1884667
image_2968.jpg,indoor,0.270757
image_298.jpg,outdoor,0.18698145
image_3039.jpg,outdoor,0.16918585
image_3046.jpg,outdoor,0.22146034
image_306.jpg,indoor,0.19176444
image_3247.jpg,outdoor,0.1579777
image_3330.jpg,outdoor,0.19458729
image_3336.jpg,outdoor,0.20281649
image_3340.jpg,indoor,0.21127146
image_3363.jpg,outdoor,0.22051854
image_338.jpg,outdoor,0.21895283
image_3425.jpg,outdoor,0.20767947
image_3521.jpg,outdoor,0.21490097
image_3522.jpg,outdoor,0.22609785
image_3658.jpg,indoor,0.21066238
image_3660.jpg,indoor,0.26652402
image_3665.jpg,indoor,0.18543565
image_38.jpg,indoor,0.2757037
image_3874.jpg,indoor,0.26652402
image_39.jpg,indoor,0.27811286
image_3948.jpg,indoor,0.24594292
image_3949.jpg,indoor,0.2439206
image_3950.jpg,outdoor,0.17993584
image_3956.jpg,outdoor,0.21519521
image_3965.jpg,indoor,0.17948657
image_3980.jpg,indoor,0.24589822
image_3993.jpg,indoor,0.21936974
image_3995.jpg,indoor,0.17697412
image_3996.jpg,indoor,0.16134383
image_3998.jpg,outdoor,0.19223335
image_4002.jpg,outdoor,0.2037876
image_4022.jpg,outdoor,0.2141161
image_4024.jpg,indoor,0.21168551
image_4025.jpg,indoor,0.20197663
image_4046.jpg,outdoor,0.18114823
image_4163.jpg,indoor,0.26291248
image_4164.jpg,indoor,0.22507772
image_4170.jpg,indoor,0.26562926
image_4171.jpg,indoor,0.25461274
image_4172.jpg,indoor,0.26537156
image_4179.jpg,indoor,0.1863739
image_4180.jpg,indoor,0.27573204
image_4181.jpg,indoor,0.27765423
image_4182.jpg,indoor,0.2070289
image_4183.jpg,indoor,0.23736554
image_4189.jpg,indoor,0.22850394
image_4190.jpg,indoor,0.2110451
image_4196.jpg,indoor,0.2654463
image_4201.jpg,indoor,0.25917387
image_4206.jpg,outdoor,0.22107646
image_4207.jpg,indoor,0.2553218
image_4339.jpg,indoor,0.24778083
image_4454.jpg,outdoor,0.19883582
image_4509.jpg,indoor,0.21671483
image_4538.jpg,indoor,0.19741422
image_4543.jpg,indoor,0.25137645
image_4565.jpg,outdoor,0.21101418
image_4576.jpg,indoor,0.19160844
image_4593.jpg,indoor,0.27910057
image_4603.jpg,indoor,0.21773537
image_4606.jpg,indoor,0.22908461
image_4609.jpg,indoor,0.22541633
image_4613.jpg,indoor,0.25243282
image_4624.jpg,indoor,0.23147151
image_4625.jpg,indoor,0.21520285
image_4655.jpg,indoor,0.19242382
image_4658.jpg,outdoor,0.18427229
image_4917.jpg,indoor,0.18465668
image_4938.jpg,indoor,0.22324
image_5025.jpg,indoor,0.2143403
image_5026.jpg,indoor,0.2246441
image_5027.jpg,indoor,0.18451849
image_5049.jpg,outdoor,0.18661854
image_5068.jpg,indoor,0.23071429
image_5069.jpg,outdoor,0.20643803
image_5125.jpg,indoor,0.23693877
image_5129.jpg,outdoor,0.19051397
image_5206.jpg,indoor,0.22613962
image_5225.jpg,outdoor,0.1781933
image_5491.jpg,indoor,0.24889871
image_5492.jpg,indoor,0.26935866
image_5513.jpg,outdoor,0.20345145
image_5580.jpg,indoor,0.17005959
image_5582.jpg,outdoor,0.16367772
image_5588.jpg,indoor,0.27798992
image_5590.jpg,indoor,0.2654652
image_5591.jpg,indoor,0.23302457
image_5593.jpg,indoor,0.22565135
image_5601.jpg,indoor,0.19890624
image_5604.jpg,outdoor,0.17659052
image_5612.jpg,indoor,0.21930905
image_5617.jpg,indoor,0.16883808
image_5620.jpg,indoor,0.21318519
image_563.jpg,outdoor,0.19854447
image_5635.jpg,indoor,0.24988112
image_5640.jpg,indoor,0.20974225
image_5691.jpg,outdoor,0.20425144
image_5760.jpg,outdoor,0.21198443
image_5796.jpg,outdoor,0.19915369
image_5860.jpg,outdoor,0.21322466
image_5879.jpg,indoor,0.24207708
image_5914.jpg,indoor,0.20778245
image_5936.jpg,indoor,0.24391681
image_6001.jpg,indoor,0.20194487
image_6007.jpg,indoor,0.21273327
image_6011.jpg,indoor,0.2442968
image_6012.jpg,indoor,0.22207178
image_6047.jpg,indoor,0.23533449
image_6084.jpg,outdoor,0.16289084
image_6091.jpg,indoor,0.24583499
image_6110.jpg,outdoor,0.20335966
image_6111.jpg,indoor,0.2541422
image_6112.jpg,indoor,0.17730625
image_6113.jpg,indoor,0.21083045
image_6114.jpg,outdoor,0.19258352
image_6115.jpg,indoor,0.20495388
image_6136.jpg,outdoor,0.23504385
image_6171.jpg,outdoor,0.18354975
image_6202.jpg,indoor,0.2018802
image_6204.jpg,outdoor,0.20337963
image_6205.jpg,indoor,0.2098917
image_6206.jpg,indoor,0.23557323
image_6208.jpg,outdoor,0.20566496
image_6211.jpg,outdoor,0.20049322
image_6237.jpg,indoor,0.20231193
image_6262.jpg,indoor,0.20123687
image_6315.jpg,indoor,0.2287834
image_6440.jpg,indoor,0.23951231
image_6453.jpg,outdoor,0.17536461
image_6456.jpg,outdoor,0.18731123
image_6460.jpg,indoor,0.1797197
image_6466.jpg,indoor,0.20089138
image_6467.jpg,indoor,0.20371486
image_6473.jpg,outdoor,0.19249745
image_6474.jpg,indoor,0.24077514
image_6475.jpg,indoor,0.25972664
image_6482.jpg,indoor,0.20306785
image_6484.jpg,indoor,0.19551846
image_6485.jpg,outdoor,0.22281702
image_6487.jpg,indoor,0.21012498
image_6488.jpg,indoor,0.23190232
image_6489 - Copy.jpg,indoor,0.1884667
image_6489.jpg,indoor,0.1884667
image_6497 - Copy.jpg,indoor,0.270757
image_6497.jpg,indoor,0.270757
image_6564.jpg,outdoor,0.16448405
image_6570 - Copy.jpg,outdoor,0.21789566
image_6570.jpg,outdoor,0.21789566
image_6713.jpg,indoor,0.2433965
image_6805.jpg,indoor,0.26395565
image_6882.jpg,outdoor,0.21309657
image_6883.jpg,outdoor,0.220207
image_6971.jpg,indoor,0.20233108
image_7000.jpg,outdoor,0.18250903
image_7047.jpg,indoor,0.2033813
image_7060.jpg,indoor,0.23904446
image_7129.jpg,indoor,0.26652402
image_7151.jpg,indoor,0.21066238
image_7153.jpg,indoor,0.26652402
image_7158.jpg,indoor,0.18543565
image_716.jpg,indoor,0.19242382
image_718.jpg,outdoor,0.18427229
image_724.jpg,outdoor,0.16288796
image_725.jpg,indoor,0.16911319
image_731.jpg,outdoor,0.18899684
image_7383.jpg,indoor,0.24594292
image_7384.jpg,indoor,0.2439206
image_7385.jpg,outdoor,0.17993584
image_7391.jpg,outdoor,0.21519521
image_7413.jpg,indoor,0.24589822
image_7423.jpg,indoor,0.21936974
image_7425.jpg,indoor,0.17697412
image_7426.jpg,indoor,0.16134383
image_7428.jpg,outdoor,0.19223335
image_7433.jpg,outdoor,0.2037876
image_7475.jpg,outdoor,0.19634828
image_7504.jpg,outdoor,0.18613787
image_7505.jpg,outdoor,0.17239714
image_7506.jpg,outdoor,0.17786233
image_7526.jpg,outdoor,0.19184718
image_7527.jpg,outdoor,0.19226754
image_7528.jpg,outdoor,0.18621677
image_7552.jpg,outdoor,0.2141161
image_7553.jpg,indoor,0.20197663
image_7571.jpg,outdoor,0.18114823
image_7576.jpg,indoor,0.25675744
image_7577.jpg,indoor,0.1893154
image_7641.jpg,indoor,0.26291248
image_7642.jpg,indoor,0.22507772
image_7648.jpg,indoor,0.26562926
image_7649.jpg,indoor,0.25461274
image_765.jpg,outdoor,0.18698145
image_7650.jpg,indoor,0.26537156
image_7662.jpg,indoor,0.1863739
image_7663.jpg,indoor,0.27573204
image_7664.jpg,indoor,0.27765423
image_7665.jpg,indoor,0.2070289
image_7666.jpg,indoor,0.23736554
image_7670.jpg,indoor,0.22850394
image_7671.jpg,indoor,0.2110451
image_7678.jpg,indoor,0.2654463
image_7684.jpg,indoor,0.25917387
image_7689.jpg,outdoor,0.22107646
image_7690.jpg,indoor,0.2553218
image_773.jpg,indoor,0.19176444
image_7767.jpg,indoor,0.21168551
image_7829.jpg,outdoor,0.19243085
image_7865.jpg,outdoor,0.2278522
image_7901.jpg,indoor,0.2460185
image_7918.jpg,indoor,0.18478596
image_7963.jpg,indoor,0.22198784
image_806.jpg,outdoor,0.21895283
image_8291.jpg,outdoor,0.19688514
image_8361.jpg,indoor,0.2182908
image_8486.jpg,indoor,0.28671736
image_8487.jpg,indoor,0.27546296
image_8556.jpg,indoor,0.21736881
image_8657.jpg,indoor,0.24294418
image_8659.jpg,indoor,0.26872915
image_8660.jpg,indoor,0.24203596
image_8661.jpg,indoor,0.18605702
image_8703.jpg,indoor,0.19934845
image_8731.jpg,outdoor,0.21017915
image_8876.jpg,indoor,0.20521408
image_8908.jpg,indoor,0.18155332
image_8913.jpg,indoor,0.18694016
image_8922.jpg,outdoor,0.22891214
image_8948.jpg,indoor,0.27059224
image_8988.jpg,indoor,0.23422697
image_9.jpg,indoor,0.21655102
image_9000.jpg,indoor,0.26047677
image_9013.jpg,indoor,0.2236163
image_9014.jpg,indoor,0.20898044
image_9031.jpg,indoor,0.23212308
image_9032.jpg,indoor,0.21991013
image_9149.jpg,indoor,0.22981545
image_9150.jpg,indoor,0.23097716
image_9151.jpg,indoor,0.23494771
image_9158.jpg,indoor,0.24002087
image_9159.jpg,indoor,0.21370247
image_9363.jpg,indoor,0.17804424
image_9370.jpg,indoor,0.25172812
image_9371.jpg,indoor,0.2513921
image_9378.jpg,indoor,0.27921358
image_9430.jpg,indoor,0.23870617
image_9431.jpg,outdoor,0.21785943
image_9842.jpg,indoor,0.19084617
image_9428.jpg,outdoor,0.21998554
image_9429.jpg,outdoor,0.2099914
image_943.jpg,outdoor,0.19639893
image_9432.jpg,outdoor,0.23161
image_9433.jpg,outdoor,0.20733283
image_9434.jpg,outdoor,0.20795298
image_9435.jpg,outdoor,0.23600183
image_9436.jpg,outdoor,0.23406488
image_9437.jpg,outdoor,0.20278154
image_9438.jpg,outdoor,0.23258756
image_9439.jpg,outdoor,0.23424144
image_944.jpg,outdoor,0.20543489
image_9440.jpg,outdoor,0.20691922
image_9441.jpg,outdoor,0.21068086
image_9442.jpg,outdoor,0.22309831
image_9443.jpg,outdoor,0.2154734
image_9444.jpg,outdoor,0.20850718
image_9445.jpg,outdoor,0.23654005
image_9446.jpg,outdoor,0.23035496
image_9447.jpg,outdoor,0.23493537
image_9448.jpg,outdoor,0.20683758
image_9449.jpg,outdoor,0.20853813
image_945.jpg,outdoor,0.1992073
image_9450.jpg,outdoor,0.21065128
image_9451.jpg,outdoor,0.24100412
image_9452.jpg,outdoor,0.23799446
image_9453.jpg,outdoor,0.23175463
image_9454.jpg,outdoor,0.22076601
image_9455.jpg,outdoor,0.20562442
image_9456.jpg,outdoor,0.21706232
image_9457.jpg,outdoor,0.2125727
image_9458.jpg,outdoor,0.22544721
image_9459.jpg,outdoor,0.24332282
image_946.jpg,outdoor,0.17924127
image_9460.jpg,outdoor,0.20328712
image_9461.jpg,outdoor,0.20537384
image_9462.jpg,outdoor,0.20510513
image_9463.jpg,outdoor,0.23640943
image_9464.jpg,outdoor,0.21352454
image_9465.jpg,outdoor,0.23094204
image_9466.jpg,outdoor,0.2344108
image_9467.jpg,outdoor,0.21838924
image_9468.jpg,outdoor,0.218494
image_9469.jpg,outdoor,0.21340914
image_947.jpg,outdoor,0.18553439
image_9470.jpg,outdoor,0.20426798
image_9471.jpg,outdoor,0.20779815
image_9472.jpg,outdoor,0.20961384
image_9473.jpg,outdoor,0.21061581
image_9474.jpg,outdoor,0.21774542
image_9475.jpg,outdoor,0.24411504
image_9476.jpg,outdoor,0.2268745
image_9477.jpg,outdoor,0.21566918
image_9478.jpg,outdoor,0.19776297
image_9479.jpg,outdoor,0.2050788
image_948.jpg,outdoor,0.19531015
image_9480.jpg,outdoor,0.21470393
image_9481.jpg,outdoor,0.22846997
image_9482.jpg,outdoor,0.21037954
image_9483.jpg,outdoor,0.23844081
image_9484.jpg,outdoor,0.21729952
image_9485.jpg,outdoor,0.21493036
image_9486.jpg,outdoor,0.21263315
image_9487.jpg,outdoor,0.21744138
image_9488.jpg,outdoor,0.21012172
image_9489.jpg,outdoor,0.2223326
image_949.jpg,outdoor,0.18445253
image_9490.jpg,outdoor,0.22715269
image_9491.jpg,outdoor,0.22452211
image_9492.jpg,outdoor,0.224442
image_9493.jpg,outdoor,0.21724623
image_9494.jpg,outdoor,0.20546387
image_9495.jpg,outdoor,0.20243794
image_9496.jpg,outdoor,0.22877994
image_9497.jpg,outdoor,0.23245345
image_9498.jpg,outdoor,0.21921712
image_9499.jpg,outdoor,0.24285457
image_95.jpg,outdoor,0.21845488
image_950.jpg,outdoor,0.2152113
image_9500.jpg,outdoor,0.21552785
image_9501.jpg,outdoor,0.23141843
image_9502.jpg,outdoor,0.2058389
image_9503.jpg,outdoor,0.20256671
image_9504.jpg,outdoor,0.19946578
image_9505.jpg,outdoor,0.23328963
image_9506.jpg,outdoor,0.19991492
image_9507.jpg,outdoor,0.20275697
image_9508.jpg,outdoor,0.20988905
image_9509.jpg,outdoor,0.22429061
image_951.jpg,outdoor,0.21151946
image_9510.jpg,outdoor,0.22500107
image_9511.jpg,outdoor,0.21476926
image_9512.jpg,outdoor,0.22708848
image_9513.jpg,outdoor,0.20915365
image_9514.jpg,outdoor,0.20754747
image_9515.jpg,outdoor,0.21572752
image_9516.jpg,outdoor,0.20625505
image_9517.jpg,outdoor,0.22856924
image_9518.jpg,outdoor,0.20699242
image_9519.jpg,outdoor,0.212832
image_952.jpg,outdoor,0.21453777
image_9520.jpg,outdoor,0.2148344
image_9521.jpg,outdoor,0.2118434
image_9522.jpg,outdoor,0.21731953
image_9523.jpg,outdoor,0.21712333
image_9524.jpg,outdoor,0.22026876
image_9525.jpg,outdoor,0.21614316
image_9526.jpg,outdoor,0.20367694
image_9527.jpg,outdoor,0.2030691
image_9528.jpg,outdoor,0.21089548
image_9529.jpg,outdoor,0.206876
image_953.jpg,outdoor,0.17567077
image_9530.jpg,outdoor,0.22216761
image_9531.jpg,outdoor,0.22078782
image_9532.jpg,outdoor,0.19653052
image_9533.jpg,outdoor,0.2359508
image_9534.jpg,outdoor,0.21939772
image_9535.jpg,outdoor,0.25058317
image_9536.jpg,outdoor,0.20186448
image_9537.jpg,outdoor,0.23378533
image_9538.jpg,outdoor,0.19575232
image_9539.jpg,outdoor,0.21167217
image_954.jpg,outdoor,0.1869547
image_9540.jpg,outdoor,0.19502765
image_9541.jpg,outdoor,0.21717957
image_9542.jpg,outdoor,0.22145225
image_9543.jpg,outdoor,0.2099903
image_9544.jpg,outdoor,0.2216993
image_9545.jpg,outdoor,0.22181165
image_9546.jpg,outdoor,0.2301088
image_9547.jpg,outdoor,0.20377892
image_9548.jpg,outdoor,0.20236664
image_9549.jpg,outdoor,0.23450136
image_955.jpg,outdoor,0.17176837
image_9550.jpg,outdoor,0.2157768
image_9551.jpg,outdoor,0.22537108
image_9552.jpg,outdoor,0.2248026
image_9553.jpg,outdoor,0.25522387
image_9554.jpg,outdoor,0.23309009
image_9555.jpg,outdoor,0.25228485
image_9556.jpg,outdoor,0.22862235
image_9557.jpg,outdoor,0.21594417
image_9558.jpg,outdoor,0.17967907
image_9559.jpg,outdoor,0.20247239
image_956.jpg,outdoor,0.19345981
image_9560.jpg,outdoor,0.201089
image_9561.jpg,outdoor,0.19734877
image_9562.jpg,outdoor,0.195796
image_9563.jpg,outdoor,0.19023864
image_9564.jpg,outdoor,0.19422412
image_9565.jpg,outdoor,0.18085489
image_9566.jpg,outdoor,0.21276289
image_9567.jpg,outdoor,0.2195364
image_9568.jpg,outdoor,0.20058192
image_9569.jpg,outdoor,0.22016153
image_957.jpg,outdoor,0.20169473
image_9570.jpg,outdoor,0.19568421
image_9571.jpg,outdoor,0.18265086
image_9572.jpg,outdoor,0.21754535
image_9573.jpg,outdoor,0.23226218
image_9574.jpg,outdoor,0.19296946
image_9575.jpg,outdoor,0.203111
image_9576.jpg,outdoor,0.2161555
image_9577.jpg,outdoor,0.1975841
image_9578.jpg,outdoor,0.19953226
image_9579.jpg,outdoor,0.21039078
image_958.jpg,outdoor,0.201123
image_9580.jpg,outdoor,0.22228324
image_9581.jpg,outdoor,0.21990731
image_9582.jpg,outdoor,0.20986494
image_9583.jpg,outdoor,0.20820962
image_9584.jpg,outdoor,0.19818771
image_9585.jpg,outdoor,0.18716778
image_9586.jpg,outdoor,0.22023459
image_9587.jpg,outdoor,0.22789006
image_9588.jpg,outdoor,0.21637887
image_9589.jpg,outdoor,0.22537078
image_959.jpg,outdoor,0.17984778
image_9590.jpg,outdoor,0.22721933
image_96.jpg,outdoor,0.22268558
image_960.jpg,outdoor,0.18791595
image_961.jpg,outdoor,0.17317383
image_962.jpg,outdoor,0.2081443
image_963.jpg,outdoor,0.1993696
image_964.jpg,outdoor,0.19291732
image_965.jpg,outdoor,0.1997895
image_966.jpg,outdoor,0.17245717
image_967.jpg,outdoor,0.18837434
image_968.jpg,outdoor,0.19817871
image_9808.jpg,outdoor,0.20182584
image_9809.jpg,outdoor,0.21690908
image_9810.jpg,outdoor,0.20552212
image_9811.jpg,outdoor,0.20883203
image_9812.jpg,outdoor,0.21698654
image_9813.jpg,outdoor,0.1975843
image_9814.jpg,outdoor,0.20731468
image_9815.jpg,outdoor,0.18583253
image_9816.jpg,outdoor,0.20902754
image_9817.jpg,outdoor,0.18255064
image_9818.jpg,outdoor,0.18988064
image_9819.jpg,outdoor,0.18528095
image_9820.jpg,outdoor,0.19402696
image_9821.jpg,outdoor,0.20105627
image_9822.jpg,outdoor,0.23273614
image_9823.jpg,outdoor,0.19056307
image_9824.jpg,outdoor,0.23128715
image_9825.jpg,outdoor,0.2033653
image_9826.jpg,outdoor,0.19898778
image_9827.jpg,outdoor,0.19167693
image_9828.jpg,outdoor,0.20256901
image_9829.jpg,outdoor,0.2149862
image_9830.jpg,outdoor,0.2187266
image_9831.jpg,outdoor,0.20276093
image_9832.jpg,outdoor,0.20643297
image_9833.jpg,outdoor,0.2071506
image_9834.jpg,outdoor,0.19213991
image_9835.jpg,outdoor,0.19939502
image_9836.jpg,outdoor,0.20773017
image_9837.jpg,outdoor,0.22575676
image_9838.jpg,outdoor,0.20295492
image_9839.jpg,outdoor,0.20594278
image_9840.jpg,outdoor,0.21782352
image_9841.jpg,outdoor,0.22559902
image_9843.jpg,outdoor,0.20417294
image_9844.jpg,outdoor,0.23324439
image_9845.jpg,outdoor,0.23027039
image_9846.jpg,outdoor,0.2311275
image_9847.jpg,outdoor,0.2026017
image_9848.jpg,outdoor,0.25717932
image_9849.jpg,outdoor,0.24924758
image_9850.jpg,outdoor,0.19477788
image_9851.jpg,indoor,0.22924699
image_9852.jpg,outdoor,0.23399606
image_9853.jpg,outdoor,0.25011522
image_9854.jpg,outdoor,0.23893607
image_9855.jpg,outdoor,0.2292533
image_9856.jpg,outdoor,0.24315214
image_9857.jpg,outdoor,0.21702829
image_9858.jpg,outdoor,0.17974666
image_9859.jpg,outdoor,0.1786126
image_9860.jpg,outdoor,0.19160509
image_9861.jpg,outdoor,0.21068999
image_9862.jpg,outdoor,0.23174922
image_9863.jpg,outdoor,0.17459118
image_9864.jpg,outdoor,0.23408727
image_9865.jpg,outdoor,0.22773883
image_9866.jpg,outdoor,0.21367693
image_9867.jpg,outdoor,0.21848348
image_9868.jpg,outdoor,0.22532865
image_9869.jpg,outdoor,0.21882114
image_9870.jpg,outdoor,0.2261333
image_9871.jpg,outdoor,0.20191672
image_9872.jpg,outdoor,0.23436731
image_9873.jpg,outdoor,0.23050848
image_9874.jpg,outdoor,0.20073727
image_9875.jpg,outdoor,0.20415719
image_9876.jpg,outdoor,0.19678289
image_9877.jpg,outdoor,0.20856929
image_9878.jpg,outdoor,0.20475802
image_9879.jpg,outdoor,0.19780353
image_9880.jpg,outdoor,0.23267828
image_9881.jpg,outdoor,0.22607647
image_9882.jpg,outdoor,0.21522824
image_9883.jpg,outdoor,0.22301583
image_9884.jpg,outdoor,0.22461268
image_9885.jpg,outdoor,0.22205095
image_9886.jpg,outdoor,0.23013225
image_9887.jpg,outdoor,0.2030158
image_9888.jpg,outdoor,0.22331822
image_9889.jpg,outdoor,0.2176948
image_9890.jpg,outdoor,0.22373867
image_9891.jpg,outdoor,0.22650659
image_9892.jpg,outdoor,0.24670461
image_9893.jpg,outdoor,0.18872878
image_9894.jpg,outdoor,0.22041449
image_9895.jpg,outdoor,0.2308635
image_9896.jpg,outdoor,0.23966904
image_9897.jpg,outdoor,0.20310012
image_9898.jpg,outdoor,0.25062966
image_9899.jpg,outdoor,0.2157055
image_9900.jpg,outdoor,0.2181873
image_9901.jpg,outdoor,0.22802857
image_9902.jpg,outdoor,0.21520302
image_9903.jpg,outdoor,0.22748382
image_9904.jpg,outdoor,0.22016165
image_9905.jpg,outdoor,0.21501829
image_9906.jpg,outdoor,0.23061953
image_9907.jpg,outdoor,0.23878545
image_9908.jpg,outdoor,0.20345244
image_9909.jpg,outdoor,0.22167113
image_9910.jpg,outdoor,0.21178466
image_9911.jpg,outdoor,0.21302088
image_9912.jpg,outdoor,0.2096631
image_9913.jpg,outdoor,0.21241295
image_9914.jpg,outdoor,0.20891592
image_9915.jpg,outdoor,0.20946902
image_9916.jpg,outdoor,0.2165057
image_9917.jpg,outdoor,0.21872577
image_9918.jpg,outdoor,0.22628139
image_9919.jpg,outdoor,0.23124006
image_9920.jpg,outdoor,0.20820102
image_9921.jpg,outdoor,0.2368798
image_9922.jpg,outdoor,0.2253306
image_9923.jpg,outdoor,0.23026514
image_9924.jpg,outdoor,0.23974214
image_9925.jpg,outdoor,0.21987432
image_9926.jpg,outdoor,0.21182534
image_9927.jpg,outdoor,0.22332932
image_9928.jpg,outdoor,0.20866387
image_9929.jpg,outdoor,0.23569159
image_9930.jpg,outdoor,0.21938689
image_9931.jpg,outdoor,0.21227588
image_9932.jpg,outdoor,0.21330793
image_9933.jpg,outdoor,0.22567663
image_9934.jpg,outdoor,0.21753897
image_9935.jpg,outdoor,0.22836804
image_9936.jpg,outdoor,0.1892276
image_9937.jpg,outdoor,0.18022782
image_9938.jpg,outdoor,0.17701875
image_9939.jpg,outdoor,0.19012396
image_9940.jpg,outdoor,0.20195313
image_9941.jpg,outdoor,0.21293825
image_9942.jpg,outdoor,0.2141658
image_9943.jpg,outdoor,0.23958078
image_9944.jpg,outdoor,0.18112019
image_9945.jpg,outdoor,0.21226539
image_9946.jpg,outdoor,0.21435186
image_9947.jpg,outdoor,0.25879577
image_9948.jpg,outdoor,0.20266502
image_9949.jpg,outdoor,0.18718895
image_9950.jpg,outdoor,0.20596299
image_9951.jpg,outdoor,0.20054078
image_9952.jpg,outdoor,0.22139305
image_9953.jpg,outdoor,0.21879545
image_9954.jpg,outdoor,0.17466563
image_9955.jpg,outdoor,0.19712463
image_9956.jpg,outdoor,0.23413682
image_9957.jpg,outdoor,0.2165152
image_9958.jpg,outdoor,0.2100972
image_9959.jpg,outdoor,0.20713438
image_9960.jpg,outdoor,0.20110792
image_9961.jpg,outdoor,0.18595675
image_9962.jpg,outdoor,0.20426962
image_9963.jpg,outdoor,0.21262936
image_9964.jpg,outdoor,0.2140347
image_9965.jpg,outdoor,0.2276999
image_9966.jpg,outdoor,0.19977984
image_9967.jpg,outdoor,0.20347887
image_9969.jpg,outdoor,0.20807108
image_9970.jpg,outdoor,0.2197423
