"variable","vif"
"visible_area_middle_km2",2.06142866323775
"visible_NDSI_mean",2.03481059137211
"NDSI",1.9573568791302
"dist_sd_near_m",1.81177319969453
"visible_ColorDiversity",1.71365378782369
"LAI_var",1.68489841898743
"dist_sd_middle_m",1.66936217450173
"ContagionIndex",1.5362670965389
"ForestEcotoneDensity",1.50182937391611
"ReliefDiversity",1.49199321328083
"VerticalStructuralHeterogeneity",1.43561212057415
"NDVI_var",1.40900747960785
"DistanceToWaterway_km",1.37996346571262
"ColorDiversity_var",1.30936993219717
"ColorDiversity",1.17120457670813
"ShapeIndex",1.12872080330416
"visible_water_near",1.08713147378698
